TSNE_1,TSNE_2,TSNE_3
10.333845,-10.926338,10.923064
6.303107,13.468038,2.1103518
2.9546192,-1.0360358,-10.298157
16.806557,-2.7389112,-7.2362833
-11.145793,11.704023,8.144383
1.0739698,-6.8120465,-4.1562757
-12.163682,-10.342466,-13.572168
-16.51826,0.44583848,-9.466973
8.300615,2.9296315,-12.357376
2.0362744,1.5322716,-6.52784
-1.9001598,-3.7755706,-0.7756661
3.731949,-6.5917683,-8.118072
5.966598,3.9188206,16.110046
-3.3914213,-19.784313,-1.4616691
-14.738902,12.321275,-13.640743
-13.933167,2.3950891,-5.4771624
-14.930462,-7.341638,-7.3209057
-14.0811,15.601373,1.2857531
19.357267,-7.6294622,1.5729499
9.406931,-0.061513178,-1.3332101
6.0246572,7.890776,18.196821
16.417387,-4.9481583,2.544734
12.650817,7.4468913,-3.3508976
22.736027,-11.316108,6.374682
-7.581196,-1.173432,-0.07507729
-0.64206856,-0.7580377,-4.648188
-0.24004854,9.706687,4.66284
-17.216633,6.661447,-16.168951
17.62002,-16.289562,4.0113416
2.6360347,-1.6524405,-4.636026
16.202675,-19.308187,1.9764396
-3.2610521,-14.698697,-8.959996
-6.7812996,11.680104,-8.894624
3.6757026,3.1268327,-11.899705
-18.593117,16.825438,-17.347757
-7.355913,6.4014025,9.270756
18.298925,-1.9182477,-6.4502034
-11.383956,-3.7225876,-15.331787
8.568583,5.870821,16.67314
-6.74518,10.34535,-3.833237
-4.7705264,-17.57534,2.8287482
-7.7132807,4.207371,10.141366
-15.118665,-9.278428,-8.729566
-15.117844,-3.1072195,-1.972969
-6.547539,19.938,2.6362638
5.8622518,1.3798584,-16.123417
-18.63451,-0.35764262,-7.807284
-4.5831866,-18.696045,-1.0518953
9.688771,3.3550751,-10.8912325
3.0117896,-4.4022503,-0.24983568
-17.865072,3.4036334,-1.2511982
-6.798811,8.834084,4.371932
-15.238445,-2.193287,6.0343585
22.024897,-10.35359,4.9166694
6.1715517,6.383112,-0.33386302
11.625263,8.656639,12.1883545
2.9954448,-6.1636963,-2.01412
16.95517,-11.737046,3.097354
26.880844,-14.054737,4.8633995
16.143082,5.461942,5.2565513
-6.244884,22.183144,4.051658
15.456507,1.2969711,7.9988112
11.581071,-4.599752,7.9028273
-12.447819,10.100243,-3.5974848
2.9176831,4.2933736,7.427242
14.171869,5.1926317,3.9514108
11.441901,-6.81281,4.090636
-1.1279957,-0.5859341,1.0845051
-9.163078,14.339904,6.1716046
4.97968,-5.727892,-2.1633325
11.278981,6.946369,4.508089
17.338816,-15.088512,-0.84843975
9.489038,-0.049084023,0.34032506
6.501417,-1.1022102,-4.089695
-11.729607,6.65487,-1.404151
20.170494,-9.937696,0.035560835
-1.5384421,8.85612,-11.155502
15.827063,5.474413,18.819677
6.290098,-13.802075,6.1563826
10.303423,4.1755643,3.2464893
15.904477,-11.088816,9.012965
-4.3174505,-19.54589,-0.20495579
-4.5988364,-21.619925,2.27206
6.752018,-8.776114,5.4522643
-9.8688135,20.31924,3.0251193
-21.61257,-4.6852922,4.6784396
19.431068,-18.385683,4.6077485
-10.254978,6.038798,7.714908
11.846985,2.8160794,1.5074345
-2.7886078,-4.3576646,-9.23462
7.3054576,2.9066844,-9.897354
6.6113424,3.2807326,-13.298783
5.5752745,7.209321,-7.4090595
-6.0059314,5.2828565,2.9918842
-13.475541,5.051246,-1.6859251
-3.3135672,-4.8442907,-4.0378737
18.146473,-5.913726,7.661345
16.281935,10.491188,2.3900375
-1.733612,-8.709262,6.0392885
-2.6406317,16.714888,12.478787
1.5032531,-5.047064,2.353903
-8.228711,18.208176,-0.6089464
-1.9332407,-9.051318,-0.52453184
-15.193802,-4.2661366,6.3275776
-13.811167,-0.4160699,11.6904125
2.3730917,-2.0857139,3.4560452
-10.060396,3.5779233,1.7425056
5.6044483,4.38351,-2.7440746
5.2552786,-16.987982,10.765886
-19.469086,0.41173416,-2.7341974
-2.8335383,-12.583108,1.2895358
-5.3657618,-21.912912,-0.62380105
-3.4974344,10.000386,1.4228513
-2.205465,-11.93178,3.0332787
5.802533,8.3955,16.600845
-15.777918,-0.35330495,1.401281
-12.055287,9.167775,-6.7759356
1.8608192,-0.4839364,3.7848432
13.065476,0.60488045,-7.764753
-12.646997,-3.5596788,-13.653911
9.899086,-4.4432645,-1.6586163
4.211897,-4.550696,-7.921778
13.275133,2.3337514,-7.179826
-2.1067014,13.880233,-5.5418725
13.629657,0.16397038,13.325817
13.438377,-2.660042,5.44535
12.252631,4.163259,4.457123
14.544294,-0.40041736,13.836801
-4.762063,-9.193005,-14.942737
1.4226676,16.909702,-5.734691
-29.206839,-2.0416248,-2.519527
9.020073,-13.991162,8.71168
-13.88876,-6.3707023,-6.527125
15.278206,-16.515858,1.7003145
-0.60615605,-7.106655,-0.34236684
12.617951,-23.291468,2.0423665
6.636255,-8.127301,-2.8180773
5.7632475,15.737685,8.07247
-12.691667,-4.039422,-7.4514065
-9.557367,10.963424,-7.57099
4.851112,-13.19091,-1.5905629
-16.742151,-6.699859,-1.5044005
3.7880795,-4.936148,-15.034999
5.5410557,-3.55492,-12.473335
8.089351,-0.023122843,0.92200375
10.74215,5.9300914,-10.97107
21.2333,-18.59953,8.967308
-3.5595603,10.4056425,-13.470329
6.6253424,3.1639898,0.91012836
12.345336,-6.447421,-3.4699645
-1.3860159,-0.9023995,0.92493546
5.401741,-2.5732276,-10.912162
1.4022202,-3.3281674,-9.78359
-2.5247924,-17.925728,-0.80536455
0.46820074,-3.094269,-12.384457
11.845338,1.0339924,13.886562
3.6514087,6.5799437,-3.7579854
12.327727,3.4939783,-11.547538
7.791263,0.73914516,4.4045057
-4.0248117,-20.565016,-0.52914894
3.3650498,-10.830445,2.9859278
-17.174131,9.784467,-13.421453
2.6186461,-2.0159652,-0.5456615
-12.437939,-0.862024,-6.512451
1.4748193,-4.3260446,6.0546737
-3.171848,7.9914765,10.727738
9.227373,6.2321544,16.1408
5.843365,-5.702942,0.28789905
4.733205,-1.9102105,-13.684996
12.49412,9.162714,12.87006
-9.461286,7.5297546,-4.2687063
5.6311817,7.434962,8.236896
1.7284652,14.653569,-2.7998285
10.723448,4.5094814,8.327717
5.5187545,-14.7389,11.993057
-4.105533,10.78674,4.8433294
-14.480512,-9.664103,-6.1624174
6.031066,1.1434366,-16.95929
-19.129957,-4.8596683,-3.3151474
10.435464,-7.4002624,-2.526432
-8.989485,5.229221,-13.247656
9.02209,14.0715475,5.5629225
1.7301558,4.982922,-7.660088
-1.776765,2.6983068,-14.012524
14.541384,-2.32356,9.761737
-18.35188,4.9073524,-3.8220565
2.7458935,10.838331,9.713288
-6.208043,9.855643,-19.04381
-11.4807825,-1.3736994,-3.8522434
13.67509,-3.6058536,4.4767656
-0.261377,-2.2979748,-2.4897003
-3.414269,12.677461,-3.856637
4.5836296,2.7271671,14.1741905
-15.762089,16.416977,-13.738988
-2.5979548,0.07100417,-13.9896965
-9.948673,-2.966819,2.9366655
10.614922,6.2167115,19.003672
-7.5519404,-6.105389,9.853689
1.6025823,13.92218,6.878872
17.177702,3.6479402,0.6698007
3.5422668,-7.898302,1.6320856
-2.1770587,5.4397326,13.46749
11.445527,-6.9916286,13.520621
-11.812682,6.4606614,6.15122
-14.002637,-11.830672,-7.2787476
17.743774,-8.326934,-2.6170788
11.634973,-9.872946,4.8498487
3.6235592,-1.4484061,-6.614766
1.6670252,0.22514082,-5.666303
6.225453,5.462838,13.878484
8.021749,3.2125523,-15.417278
3.8285148,2.7664351,1.3698425
11.741376,-3.416868,6.3591576
17.32466,-18.073862,5.0046387
14.559836,9.5336485,2.3503044
14.594383,-5.7917347,-7.3847976
-20.212921,3.1300435,-8.770507
-17.34551,-3.1557202,5.195633
-7.060698,7.612224,9.61493
18.061869,-20.824478,0.42127374
-11.058146,5.2901635,-3.6678874
8.626599,2.1111214,16.26786
-25.336214,-4.467983,-4.052744
11.277612,-9.944988,3.3089173
10.285092,5.589107,1.2661532
8.919918,-4.617058,3.2992961
-1.8815144,3.771857,9.74498
3.5693405,-7.698489,2.5918918
7.4814825,-3.8201158,-14.072648
-11.201613,21.717772,0.54844415
-12.210543,15.609507,1.5723065
21.696012,-7.668564,3.4452307
-7.2037387,-24.819202,2.347266
-21.115383,6.391022,-4.20299
4.277563,12.204044,5.264069
-15.899498,-9.45822,-7.4129076
11.108465,-4.0021067,-2.0157743
5.03507,7.0972404,-5.7297587
-18.121798,-0.3320569,-4.235321
-17.57851,-6.420562,1.7211107
3.1913142,3.0021467,7.8909535
25.559114,-15.347168,4.287639
5.8719034,-3.680527,-1.6958169
8.666895,-6.455648,-1.1906148
13.67954,-0.49249986,7.8716264
8.696984,-10.294719,2.0028968
7.3046613,1.1845254,11.675658
0.2614358,-4.8845577,6.0258393
-16.844769,3.4985936,-9.5829935
6.5204415,9.614872,16.801489
-13.934811,-3.6175766,-5.122632
7.394626,2.1437416,17.60135
-30.141157,0.33312663,-4.6431603
-16.691498,8.191148,-3.8996727
-13.498965,-7.239009,-0.64607584
7.143051,3.6221118,-12.120685
5.38038,-16.031246,-2.946054
1.1490496,7.4817142,4.289002
12.658577,-7.862998,-7.3710227
10.733876,-1.662386,13.125893
9.112748,11.0483885,-1.5259403
-1.258524,-1.4680954,9.4283085
7.785447,-5.5818233,-8.646331
-12.487207,-3.657406,-16.698626
7.0883803,-7.2118545,5.8915076
-25.065481,-3.2312841,2.630607
-7.6593304,-20.040192,-2.2260635
-5.983463,7.5906644,-5.1584797
-8.981899,18.871645,2.1912103
-15.641051,11.494143,5.870436
-7.167897,12.011091,-9.30735
-10.5095215,2.5384486,-9.758709
-1.6170099,9.735431,10.659223
-4.774647,4.740968,-7.6134434
-18.829594,3.539862,-9.165025
-18.819613,5.5228605,-4.63224
-12.798956,15.3968935,4.366433
5.1870546,-5.9988956,-8.375978
5.877072,16.38475,10.589089
2.3384304,-7.772331,0.81676644
5.0420775,-0.3634004,2.6467597
10.393238,8.13374,12.227195
8.946625,7.944759,-13.633846
12.874915,-13.928546,2.6745296
3.631885,11.568032,-1.179259
-17.0308,14.155808,-18.192894
-16.834568,9.7257395,-16.93791
-15.458659,4.6815915,-7.9289494
-3.6877432,16.918808,-5.01463
-13.115492,-14.411341,-4.686502
10.414585,-7.621175,5.4153247
3.8855247,-10.457142,1.9815472
19.868734,-19.311136,4.270788
-15.654473,16.690815,0.34166837
-6.9766464,21.00468,4.026294
16.20812,8.668327,2.5757093
-25.860859,-2.4938824,-2.490614
0.07650437,1.5506434,12.370808
16.198452,-8.256029,-7.2498746
-28.33215,-4.697425,-1.5150496
-11.006156,0.93201625,-11.713304
-4.2376714,-5.772879,3.967088
10.888666,5.4602666,19.792852
-18.310434,4.5071135,-3.9673526
17.523832,-1.6052979,12.835996
-1.2986795,-2.1377506,5.9502187
-16.696104,3.0916872,0.8737138
-11.178576,-1.4250642,-1.5711343
7.5921497,14.906746,17.789602
-17.499235,12.742998,-16.695784
16.210587,-14.44807,7.6461806
-12.681748,-4.4613156,-17.531662
-2.4411612,0.67958087,-17.352795
-1.7450573,15.613399,-3.7415955
-6.7461896,7.7105947,-11.835567
-9.2106085,-0.036103237,1.6910025
17.789837,-8.893677,-3.02256
-1.213677,-5.3614535,3.429135
-8.366448,8.806321,3.972234
-13.43661,-5.11335,-2.2254133
-17.802164,3.5771365,-0.53786445
-1.1278908,-4.5874543,1.9960363
-6.0097256,-5.915941,11.239847
-2.5771651,5.411258,12.118157
9.963735,-11.4403925,-7.4702425
7.520567,-9.11173,2.6103551
3.8380642,-12.519071,-2.778942
18.949863,-8.9133625,5.33586
-4.4652004,-12.315613,-1.8086861
13.9533615,4.426378,20.14282
16.080336,-15.863533,-1.1868727
12.13993,5.983548,20.082388
-20.219908,-2.3499076,-5.864934
8.778052,5.9695973,-14.043015
4.452526,15.706158,15.934346
10.366218,6.8468294,8.397008
-2.734203,-2.5117455,-6.9522524
9.5033455,-1.9176128,-6.6752305
-14.710753,-9.417058,-4.311534
7.438535,3.4665613,9.5898
-10.739431,-9.873313,-12.0804205
-21.701756,-6.099526,4.427936
4.2591825,-2.5992978,0.8332781
5.0312624,8.058512,10.113954
-5.918831,0.82161134,-15.83335
9.032761,-14.637522,2.5106351
3.4245555,-3.515316,-10.705268
5.8875904,-9.302508,2.8636556
3.1991003,-0.8818305,-10.496544
-12.202829,1.3911508,-8.655349
8.596028,12.711851,8.26578
-13.437488,-1.2983519,7.7257867
4.4534593,-14.119463,7.943929
14.7386675,-5.909984,-8.518765
8.598358,11.799362,9.383542
12.433936,-5.9188595,12.163996
-7.003413,12.461247,-6.068589
7.3590913,7.8747888,3.614866
-17.249287,-2.1488001,-6.1108317
20.669939,-13.727797,8.347758
2.8855217,-5.170854,-9.687453
-22.81334,-6.584104,-4.3094664
-16.035542,-3.7596679,-1.8307796
-14.011386,-4.0214605,-17.04617
-17.09378,2.7914891,-4.341816
15.913765,3.7567356,0.36589965
-13.728267,17.67487,6.6807065
-15.146644,14.239201,-16.802628
-7.2267756,-18.932404,-1.7001228
-9.380535,-2.1445878,2.7634745
-6.640391,17.149353,4.835351
10.979711,9.248927,6.9132366
2.4120996,-9.342682,-3.3950436
16.741095,-19.043148,5.6775208
7.9756026,7.06414,-14.779266
8.2272625,14.742705,17.349749
6.8230677,-2.2746549,-1.3278071
12.06779,11.042006,16.060991
3.3896377,-3.945581,-10.802239
7.1000714,-0.5131063,-8.180706
-15.881366,11.282834,7.71653
4.5858946,10.636965,13.285115
-10.449979,-3.376511,9.8603115
10.340644,-15.234296,7.919918
11.0526495,13.047394,18.122974
8.619282,2.827857,12.837139
16.75231,12.053773,2.1389532
-5.734065,3.492064,7.441886
-9.2745905,16.71612,6.787783
-0.17194474,-7.4182606,2.2157788
0.33169618,7.154685,-9.041615
-12.238669,3.337866,-4.4097676
10.500678,-5.346172,5.9350863
-10.83626,17.237803,4.5637383
2.5901902,-3.410808,-7.1117024
8.959768,-6.3114414,-1.0053761
-7.8850436,-3.2200816,9.483678
3.888486,-6.4918947,-3.744928
22.17843,-16.158699,6.764661
8.1869955,6.1182857,-1.5920173
-4.2614794,9.355885,-8.058241
-28.470572,-4.7895164,-2.559476
-14.896877,-1.4332469,-6.2739897
12.308587,-2.0354016,2.4993165
6.476962,-2.5679307,-5.932075
0.55066675,-10.355697,-11.670909
4.125267,-6.874769,9.439267
25.897264,-14.94176,4.6074166
12.213088,-23.416512,1.4220366
-9.352619,20.512001,3.480171
-3.773797,-6.294723,1.9391457
7.504703,0.018866364,4.0108533
-6.8885226,-18.112064,-0.99011797
4.772266,9.599313,2.0977943
7.208205,-22.000042,8.163482
-16.487633,0.06812037,-2.279596
4.411225,12.2536745,15.2746725
4.826599,9.693813,1.8158393
-9.604594,-0.74471354,8.461235
-9.615123,-3.7659822,9.365433
-20.718143,-7.552895,3.4520252
-3.8676279,-2.438024,-8.967903
-13.529884,-0.17200309,-0.5005797
-2.7537708,-13.269805,-8.618944
-12.155325,-3.921688,1.8797404
11.97217,5.168973,-1.4667819
9.614849,5.0546594,9.557975
-15.943912,5.7000647,0.5315637
-5.495724,9.435194,-3.3523903
-17.728008,14.281479,-16.551369
-1.7437571,8.4939785,5.9555273
7.7594514,-3.4705126,-0.64565754
-2.1624277,-10.169546,-13.428932
-15.984085,9.618741,-15.175386
1.4376824,-12.155101,7.6107774
-9.141366,-6.553673,11.421257
-19.84546,-8.234558,3.4484985
-0.13384993,-6.8400893,-9.339183
13.232774,-4.8525987,11.534018
7.2688303,7.9244676,3.5505178
7.1749377,3.8535507,-5.348927
2.7983732,-1.9088641,-11.995064
-11.143619,4.1521435,5.233329
13.043174,-12.796305,-6.7625566
-3.475967,5.856718,-5.265549
-12.137622,9.532739,-6.2687826
18.402971,-14.709259,-0.8550123
-17.560932,8.538846,-5.5117984
-5.2785835,-1.7490923,7.2025394
-1.0430044,2.7699335,-11.038946
-14.540661,9.926123,-4.673392
14.420254,-19.91616,-2.1495209
-27.4675,-0.7184923,-2.379645
-3.897344,0.6530763,8.47192
-16.065584,-1.4850945,-5.024466
18.515528,2.79229,-5.2019706
11.611396,4.740336,3.6842911
17.665794,8.506988,4.23379
-1.9320704,2.0232196,-5.6880493
0.6637044,15.3215685,11.515793
-1.271568,1.0444188,5.5078416
15.948791,-13.466431,8.231821
-12.012747,-5.1886835,-19.109344
14.407473,-9.834776,-8.434625
-2.9246633,17.147223,7.765899
7.8573813,-3.3598444,-10.590392
2.5764632,14.965297,14.037702
-13.252606,-15.256966,-4.0980053
14.3513775,-19.512375,-2.8109782
7.2035527,-8.776293,-0.1271901
6.853107,12.493293,-1.0581938
17.358704,-8.881522,3.6104171
-13.037026,-9.35226,-12.133342
-0.89001215,-13.619718,-6.670038
-2.9048355,5.095674,11.270814
-20.905075,-0.83207405,-8.831845
-16.762886,-0.71574324,-10.882377
-3.930473,-8.445529,4.6950216
24.328688,-15.874169,5.8649616
9.073798,-2.7537782,-4.24748
-17.36185,11.71108,-13.955545
5.232647,-16.02266,5.4611325
-4.1000814,-21.158756,2.689628
16.509474,8.24406,3.8850493
9.067929,-7.0324097,-5.5614953
-13.287137,-3.7698147,-9.36325
-25.093233,-3.7787507,-1.840756
-3.8545854,-2.2937882,9.770474
1.843138,1.0951043,3.4383523
-12.734555,16.59898,-1.214856
-14.651372,-2.1654084,3.454139
-4.0339932,8.215765,-11.219172
-12.2309475,0.33969083,11.499951
12.909185,6.0734673,20.678396
21.681417,-7.2953377,4.8100576
16.940483,-19.117878,3.0910804
-2.3108282,1.1501389,-16.741701
4.6276207,4.20563,-15.041745
1.8646885,2.8269603,-12.7113085
3.909674,-0.545747,9.331806
6.6897044,9.291112,7.9373026
18.520304,-6.4443383,13.058158
-2.088466,2.003017,-3.293641
-12.992218,15.429234,-0.2438424
-10.006083,3.4635785,-11.293533
1.0070562,14.476692,13.267394
4.2649255,8.758185,-5.1087966
15.563758,1.4211844,8.042492
20.075499,-15.191755,1.5252773
-0.3309262,13.134376,-2.0686214
2.8282945,-9.083481,-3.7284105
18.34416,1.5268029,0.15768725
0.56955117,15.677881,-4.7652655
-20.308239,2.57454,-12.520525
-18.764824,4.6563544,1.9648812
7.83943,10.7069235,17.772009
8.927024,1.5854967,12.94212
-0.33374837,14.295894,14.336661
9.371305,-10.06507,9.64526
-4.2312756,-0.93211854,4.4493937
8.552673,9.260508,12.802006
23.069813,-6.9568725,2.0580072
12.9888735,6.934252,20.086617
2.3911083,-15.752002,1.181462
-22.623558,-6.755035,3.8260012
3.7336473,9.191624,7.839846
-10.598635,16.939568,4.357327
-10.527776,-0.38734093,-1.3939713
15.786573,5.095188,9.528423
-7.2102485,-24.879068,2.3842735
6.786029,-17.180597,5.133699
-3.9180462,1.6191831,3.2687337
-12.951714,-2.0402043,0.7342935
8.419274,-3.307036,3.5395877
-1.1129196,-2.285992,-7.8028884
-7.0098057,21.034653,4.1384935
-12.589714,-0.06908296,-6.3068027
-12.869077,-3.7749722,-18.788332
-4.9549522,-7.1590176,-1.4969383
-14.8877735,16.885874,-2.9983025
9.822654,4.094932,3.5490253
-17.810661,7.0201325,-5.9626923
15.712726,-10.871305,-8.467655
-16.545425,6.251604,-0.19910508
-1.2562988,4.0573153,-2.8566084
-8.074854,-2.4385042,9.932337
11.482988,-2.7684243,1.0879982
7.558878,-17.24882,10.419291
12.118979,-19.398201,2.0844333
-0.24349006,-9.064008,10.866775
-14.600897,-2.9630523,9.688174
-6.924903,-21.576653,0.7564253
16.40131,2.1531632,1.4617283
16.365292,-5.7860527,-8.605723
6.671832,-7.13386,-1.9303391
-1.6006451,-13.420348,-7.7205286
7.656951,0.42533353,14.232597
-17.2546,-3.9279208,-6.6296306
-4.271187,-2.0514424,-13.425916
-12.104129,-10.419095,-5.393333
-7.85947,-5.2647777,-11.710861
-18.992022,-5.131656,-4.8012314
18.763006,-10.319745,1.76358
16.537817,-6.537281,-2.9854946
9.525684,-10.342527,12.279203
-4.7704554,-1.3068074,-10.900165
10.506186,-13.516116,5.4306827
-12.906612,-2.7915838,6.6889234
14.02416,6.8725095,7.032651
-12.052239,8.094889,0.55602115
-6.697587,-17.70198,0.36090943
0.77172035,-6.616361,-8.37644
10.3872,-11.8092985,11.043927
13.387943,5.1512227,20.7835
4.299965,-12.475297,-1.9740537
-13.4877615,11.10947,-14.463951
-23.086046,-8.143518,0.77817976
-5.356029,7.9656696,-7.539391
10.628948,2.3316948,0.098067194
7.6444564,-16.544596,4.9390435
11.391021,-16.237246,-2.9803767
5.3790746,-5.862951,-6.5014486
2.0852027,-7.2855916,-11.84201
-10.563884,0.1267169,-4.622139
3.2572207,-17.955866,2.0340586
1.5067176,5.1897364,5.1831193
17.746256,-1.4407907,13.106642
9.722233,13.626834,19.301508
16.726282,-8.289605,-0.50610256
-0.044009473,-4.254177,9.9898205
1.3148006,-6.5680337,-10.89718
5.2700424,11.692436,14.347184
12.052612,4.6033254,0.1638671
10.3559,11.305508,3.5709264
0.44664428,-11.217868,1.8378108
-13.33978,14.155109,2.1966374
-15.519645,-3.5270126,-7.8113966
6.1660466,-5.5143466,-11.619369
-2.8405716,4.7992654,10.746398
1.3543233,-5.1843667,0.39912236
8.280161,-10.822712,-13.244889
-12.603619,16.152128,1.778524
15.445436,-16.855455,6.543293
-15.699604,6.240001,2.9192562
-5.8466134,-9.004147,-7.994206
-4.4177227,-7.405365,-12.784545
5.117841,-11.99893,8.194397
-16.340939,12.537826,2.7362816
-4.926889,-20.104565,-1.3598703
3.7179534,-10.548101,1.541811
-3.2266948,-8.858883,-13.77974
10.387716,-0.31389287,12.894234
-8.90209,10.717691,-5.471568
4.698802,-11.659471,9.206509
-2.7813616,-0.6996602,-2.2203555
5.7144804,-7.578295,-1.4927089
11.792576,8.584054,11.356098
20.643398,-17.714743,1.0326978
-0.4983647,-13.560766,-9.176391
16.42067,-5.071457,-3.0845442
19.780478,-19.819025,4.109011
-1.228432,-9.020743,3.7098796
-11.388892,-4.81801,2.3771675
7.7353806,4.6850557,7.6342745
4.49406,14.099108,-8.12984
3.834253,-7.7782445,-2.913282
-12.073988,-3.8554804,-16.727184
-6.6075573,17.991383,5.0136724
-5.837383,-21.285025,-1.9182179
17.71075,-9.083613,6.4915223
6.3683653,6.4323206,-0.460746
-25.942656,-0.7058099,-0.2694348
-6.541869,9.407333,-13.290721
3.5485559,12.665745,-3.5817297
-15.901604,-1.7744495,1.0280135
4.353906,5.4088116,1.4442282
-12.558721,-5.837429,-18.673233
-15.180859,-0.70295197,-5.8689322
-14.295257,15.595912,-14.314609
3.4383974,10.996483,-10.238672
-15.2171545,-0.9155876,6.517055
8.773335,-2.333957,-2.889546
2.8978305,-16.809399,1.6530252
11.666735,8.794141,7.098621
-3.9070125,10.0594635,0.14414239
3.8883533,9.560419,6.953624
15.68682,6.6880016,4.564419
5.3088565,-10.698624,11.662524
16.978546,0.77565664,7.767914
-14.857492,11.279887,-16.896976
-4.383822,-8.787838,-0.61852384
15.766096,5.9771237,-5.9394097
-8.077814,1.9868528,3.543193
12.229065,-10.835133,-8.23039
6.1458397,6.658873,13.653833
-12.7391615,-2.683583,-5.2330527
2.8839486,-3.8903906,-7.234776
-7.1680837,11.389081,-2.2611144
-8.31575,6.0198464,-1.7590226
12.145356,-10.234326,5.0682154
3.0826328,8.119584,7.9221206
-3.0370393,-14.746293,4.4870386
9.820933,6.439417,-16.412096
7.580671,1.7977974,18.385233
22.300615,-16.986372,6.2934003
-8.17423,-1.8283396,6.6468515
12.459294,-6.769779,1.1914225
3.5889592,3.8974211,-12.265197
-16.142849,8.320192,-15.518142
-8.183496,6.603,4.1972065
4.0622683,-16.992575,10.011751
7.3514028,-8.966346,-0.1414113
-8.412635,-16.055426,-0.5151335
-8.545258,4.401154,-11.647336
1.038464,-6.072344,-12.59953
-8.424287,-20.14146,1.7157407
-18.715595,3.876508,-12.597766
-12.017616,-9.819529,-12.337891
-14.771751,-6.804568,-8.6673
-8.686311,-6.3138046,5.3436947
-8.631104,13.204569,-6.9405217
-2.5906906,-10.611601,2.1072223
9.791451,-14.263697,2.7961388
17.610813,-14.71904,-2.422715
-1.8784127,11.47624,-3.3043525
6.4474115,-2.5259888,5.079443
19.18709,-17.129217,3.4319708
-18.783772,-6.841569,1.2922202
0.083928846,15.688037,-2.6729164
-12.319945,7.4948897,-2.0376756
12.528589,-3.7992597,4.6782327
8.121873,13.00393,6.1261663
-2.0500345,5.188074,5.954243
10.622605,-8.790093,2.4120638
5.458936,15.021977,-7.8292174
5.4278464,-15.043044,11.134544
6.9505157,0.84968185,-2.1879354
-13.87965,-0.7828393,10.097933
13.450156,4.0917296,4.0682735
-2.4293323,-1.9520754,-7.2670712
-16.59275,-3.4977143,-6.1280413
-7.772314,-17.709929,-0.38994277
-14.767637,-3.3376722,3.8810623
-14.3200445,-4.321779,9.078789
16.265991,-17.956142,4.056448
-14.453702,3.246146,-11.260538
4.76076,-4.7424874,10.024439
14.738563,6.2508845,0.3115441
17.614561,-20.82858,0.9908341
-14.436834,-1.0825007,-8.794937
17.429043,-14.723257,1.8479986
-18.256536,0.7125777,-12.605828
-6.050908,8.205683,5.67935
-12.890244,18.828852,3.3400488
-4.662607,-2.501449,4.6275396
6.797743,15.329212,13.430595
-11.708085,-4.688677,2.2395203
0.13259543,-5.975199,-11.383879
-1.3440087,3.0327008,9.03493
-4.8086796,-8.983044,-11.87089
0.48593056,12.288957,13.271474
-11.371534,0.11020171,9.957314
18.142378,-15.43028,6.50445
-15.065758,-2.217417,5.4543853
4.068326,-5.1424494,-15.447889
-20.048157,2.0254703,-4.438228
0.2467712,-2.9008458,-4.830363
-28.154083,-1.8356328,-1.017133
-10.475678,20.965122,0.5783241
-8.378684,11.069838,-6.402215
10.353944,17.787199,10.3050995
-0.06146299,0.739107,-1.8038313
-2.7643266,-0.96026933,-13.397383
6.09449,15.953469,11.173939
1.3777944,-5.6086617,-12.043731
11.644029,9.351054,15.826163
-1.4434799,-13.489142,3.9521863
-3.7981365,10.177613,4.2581015
4.1101007,12.046973,13.059743
-9.130357,12.520248,-4.40248
-1.9466548,-11.749223,-2.395651
-4.7478213,0.38512498,4.499517
2.5677435,11.560677,-2.2934227
-14.394837,12.039472,4.3653383
8.1334715,5.0894923,-1.8262465
4.7036905,0.79078466,-0.3159
12.196338,-19.38684,1.271528
-12.514516,3.6590035,-3.5097284
-11.575808,-4.017622,-2.577335
-5.89596,0.2689947,-13.713845
12.681994,5.0605907,-12.493741
-7.8983183,7.189144,-11.629054
-17.239115,8.166752,-14.052858
-2.6763809,10.651949,-13.396256
3.8165073,8.536349,-7.4812603
-16.93327,-2.613628,-11.267932
-6.0484176,13.022146,-7.233674
-6.2033725,9.85746,-19.041445
-26.995764,-1.7101055,-0.32110253
-20.980486,-2.7853165,-8.151976
19.819304,-9.947614,7.8889713
4.47392,4.5888853,-14.263369
10.238424,-0.72381926,11.241393
-16.719957,5.9769316,-1.8397199
11.68288,11.413496,14.120916
-3.2681935,-1.0225153,-12.590641
-15.95669,14.96592,-0.56483907
-16.001678,17.499765,0.068970636
4.128745,8.433954,14.030469
-0.0744434,-0.12195793,-7.473028
-10.69243,11.014967,9.47559
-6.1453066,19.499834,2.430825
14.062946,-2.7882915,10.453644
6.753069,-12.497769,-8.070484
9.723136,11.439084,17.01085
2.3165708,-6.777571,-13.694943
13.992104,-2.6110919,-1.4422567
15.335057,-3.6136184,13.02624
7.4678335,11.945001,15.636396
-3.903791,-9.082732,-11.495445
6.4105115,-1.4185642,-11.584354
0.49805614,-10.215857,5.20356
-2.941557,2.487232,2.139727
1.8285823,11.057821,14.265512
-16.839989,12.328417,-17.130474
6.51162,9.116795,-1.8158695
-14.0248785,-13.116009,-4.8258467
3.3320587,3.2833657,-0.88832027
-18.769117,-10.937474,-1.0704191
1.3195566,-6.757319,2.935369
-12.413737,-4.9783926,-20.078485
0.6671449,-3.1503763,-15.658924
4.2388725,-5.101547,0.00718408
-19.458958,-3.1359708,4.3242774
17.205582,4.6818895,4.77498
-14.88611,15.871034,1.4271097
-11.223406,12.592279,6.352684
-15.545897,-5.9967203,-1.4192027
8.614091,5.0786843,11.281713
2.1370628,10.229897,14.877966
0.018246375,14.508876,13.309113
15.115392,8.780448,8.421588
11.20054,-16.264977,-3.005203
14.474452,0.21986513,-4.5683565
-5.590394,-19.479906,-1.8556044
2.5314429,-3.0020194,2.7955086
-24.437569,-6.613193,-3.3974361
-0.42844,-14.253633,3.982612
-15.7774105,14.778247,-14.237851
-14.525288,8.575817,-12.911202
19.264423,-8.860506,6.695324
-13.051518,-3.3663054,-6.486991
-15.556938,6.7994213,2.6833894
13.565432,5.735064,14.550685
-14.97964,0.60589385,-12.697012
19.727087,-5.6008687,11.891336
-14.833344,13.033667,-16.994553
-15.385414,1.4036036,-9.349719
-16.125082,-0.04396913,1.1769618
6.996688,1.503698,7.2319555
14.155081,-8.389125,2.5981333
9.21812,-6.146298,12.548257
0.049656503,8.109059,7.318648
-0.44415775,-7.50428,5.9746094
2.4306147,-10.467782,5.9537044
14.643606,6.7935257,6.1806264
6.2798448,4.721025,-12.924083
2.750464,-10.96489,6.5593166
-29.819086,-2.8598137,-3.2766209
3.8970625,-10.447026,7.4517245
-3.898393,7.9076114,-7.8974533
-1.8596255,9.431531,5.3597174
-10.986051,1.0731845,1.59565
4.0981407,13.001557,1.943648
-9.085602,-4.2192464,6.5880337
10.468581,3.3674562,-13.7704735
3.5069537,7.238888,5.088389
17.666687,-7.991424,10.368472
12.23824,5.064606,-5.905908
-12.268331,12.125197,-4.7585535
8.608681,-14.578593,10.195985
-15.213166,13.6977415,-16.26121
-0.47480568,0.61504096,1.4325145
1.6363814,9.747789,15.206703
-9.318,3.7986033,3.6754127
-15.262757,14.314041,1.0767844
13.922635,7.466308,7.7037625
5.1631675,1.6432974,-13.705722
15.116971,5.4310155,19.299288
-2.746751,-6.6866317,-6.098913
-1.1366026,13.95898,-6.921353
7.3664618,-7.700698,4.391677
-12.136609,6.217311,5.3214655
3.9624622,-13.842079,7.169947
-9.991823,2.542632,-11.448068
-1.2397646,-2.7049,6.3896503
10.473607,-7.7005663,-0.5583769
23.680977,-11.126868,5.4849997
-3.146616,7.0143576,10.912526
17.702082,-17.715343,-2.3066976
-5.0977106,17.347332,-4.397977
17.170921,-10.57345,5.713678
8.459347,-5.7597303,-9.958296
9.730779,2.7673728,1.2815622
19.055681,-16.95076,7.816519
17.247644,-7.5915637,-6.482839
-28.731949,-0.23761672,-2.6459813
-23.566149,-6.242912,-1.8745823
-11.932472,-1.8282326,-4.0289297
-24.071327,-4.4833117,1.7267823
6.912692,-3.449617,-9.629824
15.805516,6.2328253,10.766961
-15.83338,6.2115455,-5.1206865
-2.4587538,8.292253,-11.589799
7.410205,8.144583,10.342912
4.124144,10.900393,-3.5896115
-6.6260657,9.690266,-13.713231
17.953798,-1.3542833,7.23832
20.790304,-11.906973,1.6992085
-22.09224,-4.019515,0.3341295
2.6616085,13.405644,8.224119
5.6322517,3.6119747,14.965499
-26.437326,-5.1343536,-1.5361545
-4.504611,16.261396,7.0713835
2.486332,-5.3797245,-0.9734652
-12.724749,-3.3499374,-12.833866
9.426037,-2.525959,6.680224
18.358213,-16.782408,2.4290645
-9.737394,16.34078,2.7014585
-10.741263,-2.086078,-9.260117
-3.600176,-8.966925,-10.875262
6.7082396,-13.015384,2.459385
12.040159,-3.1592314,12.436647
-9.42485,1.2289953,-3.573373
7.0492253,-0.7222514,-12.296874
4.965301,3.786022,-3.3985019
-3.0525043,11.696629,12.265407
-6.8474283,3.5823877,4.792561
18.373936,1.0333729,3.950633
15.499488,-11.106403,3.657801
-11.553587,-4.1922026,6.17491
11.133842,-9.734804,8.985561
6.929843,-10.199865,4.21348
8.152857,2.4916534,-13.293701
-13.764039,-12.318488,-6.8187695
4.064134,13.349353,-4.8457475
12.034232,-19.51453,0.41391551
13.433618,1.9751495,-11.360445
6.972375,-1.608723,-0.6304841
8.796978,2.0019596,-3.6998687
10.166609,3.1057851,-6.884856
1.9747356,-1.1987938,3.96453
-7.1340456,-8.738446,1.9783944
-11.859327,-1.2350241,-7.526642
-9.543798,-1.1676967,6.017478
-7.2329373,5.6856117,1.4801058
20.868616,-10.833572,4.0669947
8.040751,-12.484389,9.461834
-10.081775,-3.294671,-3.126006
-11.54748,17.789087,6.3845425
19.744204,-11.47135,0.419131
-12.744006,13.272179,4.1024384
-13.41829,-5.0124598,-5.502905
-0.26603162,10.245019,-7.2262254
-13.85991,-2.8983219,1.1206421
0.1737803,-4.4426126,5.358657
-15.56984,15.524204,-17.44663
13.682001,5.70518,-5.790916
1.0767033,-9.583532,8.332851
-21.242643,-3.9814494,-0.42684236
-10.015876,13.277679,-6.150365
12.002445,1.4513979,-6.2784696
6.3769464,-13.339849,9.315497
-7.638508,4.6267185,3.6888938
4.4806833,9.604968,-3.3583372
-11.415709,-3.6768885,-14.052166
-1.5546855,-7.655305,5.1026673
-18.345583,-4.4719663,-9.827503
15.601558,-12.333477,-4.8088193
15.475754,10.1351795,1.5733589
14.314125,-11.033487,-4.6278844
3.0039594,-4.731789,-3.7012022
18.748669,-1.6880275,10.058769
-20.690668,-1.369943,-8.724867
-9.295378,6.0470877,8.18226
-0.88356376,13.037069,4.6579013
5.592338,6.7120295,7.4427276
-15.116847,15.004026,-15.044262
-8.927499,22.024347,1.0713412
-7.8452573,-20.748457,-1.7934575
13.251509,-7.310174,3.0767276
-1.4114898,-9.876329,-3.1119153
-13.253913,6.5307207,1.606632
-0.7901453,8.820559,-11.107888
16.432243,-12.853554,-4.7337155
-22.640278,-1.1356752,-9.24881
16.333544,-10.674876,-0.27418515
17.92391,-19.015999,0.76828825
12.245498,-5.6448793,-4.063397
-19.8461,-4.092333,-3.9043477
-11.683767,-3.8407018,-6.102111
6.499266,-9.243048,1.865924
21.795929,-10.642152,4.9249063
8.372593,-11.130594,9.922581
-6.167715,7.8124523,0.595902
4.1722016,-11.104512,-1.1628308
7.50151,3.0491283,-5.288913
-2.9932349,-6.3354406,4.4039183
1.6572511,14.11965,6.490866
-20.138184,1.3912588,-12.54216
-19.022219,18.158247,-16.91702
-0.09411991,13.177168,-7.4185038
6.8367777,2.468658,-6.7356315
-14.07067,-2.6202788,9.4763155
18.315687,-19.006983,5.4335895
-26.529766,-5.041834,-0.3127574
-9.075926,11.253582,-7.169847
-20.03712,-6.8263955,0.47330493
-28.523129,-2.4937513,-3.9980264
14.101881,-7.648783,-10.901392
-19.32888,-2.4895518,-10.416055
4.9570537,-3.4438796,-8.083591
-20.80963,6.0520473,-10.071367
6.1804895,13.342317,8.530017
-7.8309255,18.781746,7.211301
1.3808032,7.859514,-10.134963
3.2597125,2.3135943,-15.437817
12.856189,5.072832,5.272865
-13.533145,0.8338379,-0.91517234
-14.410866,-0.42591396,0.65632623
-7.9283814,20.604742,4.9237366
-12.882577,-16.486305,-4.4639444
7.1200967,-16.610472,6.4562454
12.068989,10.427987,13.7957
4.0293393,-2.5731156,-3.0124269
10.45467,-13.603132,7.675962
7.542411,9.382472,8.038974
16.316744,1.5789261,-2.5171754
0.15689255,0.02325954,1.3499676
5.9145894,3.088052,17.317635
10.847009,17.996033,11.803774
-13.220916,-11.72807,-7.3236923
3.418355,-12.759562,10.272414
-6.6913924,-21.290695,-1.4665911
11.523268,-11.54798,-7.6963415
9.047849,14.011478,16.671932
5.469957,-17.985807,11.472151
5.701923,-16.680908,10.264027
0.012354637,2.0582135,13.46658
21.051426,-7.3702826,2.8307283
8.651457,5.3806663,0.41531825
-9.030421,20.176813,3.1881936
-18.683367,3.8764567,-0.09177944
-13.393156,-13.553998,-4.2604666
11.577629,16.728807,8.872057
17.814505,2.514025,-9.138503
19.961138,-6.38624,11.042987
-6.2452216,10.524478,-6.5241947
-14.105649,6.7635036,0.7115135
20.62703,-8.488539,8.254679
-18.449146,2.7928772,-10.683843
11.19907,-5.008389,3.404155
8.84738,12.6815815,15.788792
-28.984032,-5.2387943,-0.38120642
-8.429637,-21.112072,-0.21927682
-15.284976,10.982866,-12.802281
19.294123,-17.35743,0.97735053
-23.703451,-7.335539,0.9715037
-15.472095,-0.47918847,3.1348612
17.839497,-0.5934921,7.770861
14.519493,-8.453206,-5.2102737
-8.488751,12.732543,-5.0779047
-5.0837183,6.6482015,-13.074334
-7.351338,-19.102543,0.0036302877
-21.339582,-2.9330618,-4.8615265
5.2784557,-15.119755,10.450967
-6.385075,-7.9991918,2.3903422
-6.5057507,12.984096,-5.773919
-21.312914,-6.811557,4.380088
-19.91972,6.338673,-12.361555
4.224693,-9.988934,9.795392
1.70642,-6.9871216,0.30980214
-3.530049,16.769735,-4.7585254
-7.592114,-1.6194267,10.522875
-6.747611,-11.1226,-5.364384
-4.089944,-20.365883,-2.9428966
-11.528651,-2.4322362,9.885425
1.6700089,7.361927,7.483591
17.31546,-16.137484,7.5788884
8.3547,17.914791,7.4392853
-2.746803,-1.4940306,-5.903595
8.175924,12.955704,18.366257
2.438043,16.172012,2.0445347
-11.83761,-5.6791573,-5.354241
-4.545231,-5.2696214,-9.584851
16.278532,-1.8467174,5.8816147
5.2651095,-5.466591,-7.6534758
-7.853235,-14.065629,-1.6065911
-15.6693535,14.372052,-18.119915
13.1714525,10.655738,5.877028
-10.780312,2.155973,-0.87538815
-17.53059,11.188327,-11.364047
-9.818551,-1.25578,-0.58866125
20.493425,-13.518806,5.5488105
-5.4144177,-2.5165532,6.3533244
-26.91446,-3.4809487,-2.6636117
-12.083815,5.4974313,-5.7561607
13.373681,2.9672403,-8.40448
11.624279,2.3097184,-11.556865
-17.441463,-8.409514,-1.9070805
18.321577,-5.8770137,7.89867
13.57263,1.0249233,14.4726305
2.8316658,3.006352,8.841942
-17.734186,-4.623158,-4.6217217
20.279114,-14.460807,3.533596
9.899713,9.721941,17.42459
-7.886072,1.6177826,6.691934
-16.743767,-3.5921195,-4.1036267
7.8120575,-1.719496,3.6026788
-6.346982,10.694621,-6.3519206
-3.5120006,-17.816357,0.60202163
-16.465105,-5.5731034,1.4361446
-0.66290534,-2.7815237,11.304445
11.72909,-12.695304,7.184537
4.3522887,-0.38685417,-3.6450791
8.54365,13.375466,15.252148
-23.628231,-7.6791663,0.1257065
-22.097204,-7.7831063,-2.439752
17.764189,-19.936722,2.9273605
19.386898,-6.690929,-3.1690423
2.39739,-1.3033918,-0.06277368
-15.249971,11.120659,-12.791786
-2.1251404,-6.934807,0.46304345
-0.13816784,-0.09257021,-2.534326
6.31356,4.271115,16.532288
-3.1431293,2.35831,2.3062363
-15.817686,17.086823,4.1648827
8.393387,6.6429977,-14.359418
8.554059,4.7232027,10.811434
5.3908525,10.283905,-5.961573
16.523306,-4.7428,2.1144874
4.741195,2.6271243,18.25517
-11.090841,4.268505,5.1403522
-6.970188,14.96259,-7.1369057
3.5156257,-5.4867377,-12.040236
10.985957,4.698445,-11.847193
-16.680534,14.603425,-16.880838
5.913577,8.127916,15.799107
-5.018427,-22.258432,-1.9161676
-1.4821252,1.0037793,-17.13265
12.918075,-15.92712,-2.6312215
-7.228632,-21.153883,0.20064992
4.1270022,-4.5129275,0.81059694
-0.2586883,15.634732,-4.787545
1.7350001,0.20183004,-10.188858
7.2198906,13.852269,3.6202233
-4.7350206,6.296566,2.0469992
7.4288325,-5.4335556,-2.8148649
10.119638,8.515601,18.30046
-20.187277,4.700407,-10.177344
5.0587764,14.65238,-7.988538
21.187725,-14.582608,-0.45838064
10.929706,17.221806,9.295353
-8.415086,22.6518,1.4694759
12.334686,9.955317,7.9937034
-5.530249,-17.616829,1.6240891
-2.6320245,-2.490459,2.6430848
16.744253,12.150552,2.122682
0.17340523,10.3824215,-10.386209
14.2435,5.352187,14.271329
-12.283953,-7.0014496,4.8848386
-5.337532,-4.9106483,7.820265
-10.771488,-1.4350259,-6.6941094
-2.349981,-12.820911,-8.573371
6.236858,-4.289583,-10.608427
-8.358563,-5.444467,5.7780967
19.093552,-6.816216,4.2987657
-7.216525,-5.0764265,-3.785638
14.646141,-7.374112,-6.6853247
-15.148503,-2.580787,7.4981093
-5.1010513,10.349025,-13.148055
-20.01862,-10.028108,-2.1487286
-3.9904692,9.387784,-5.28012
-16.282549,12.128395,-14.464557
7.7067933,14.621831,3.891668
-13.266194,4.8181024,-0.82756084
-0.9997213,-3.059343,11.683528
-10.922262,4.7555366,-2.841436
0.4017638,-4.510801,3.5466552
3.2123072,-4.1123457,-1.2697464
16.544987,8.699195,0.63548595
-3.9486783,-4.8399787,-9.348553
10.149944,6.961273,8.6409855
3.1685112,4.2238455,10.175577
13.617066,3.2548864,-2.2844753
1.549464,-6.257365,-3.0134356
4.541489,8.316163,18.038946
-6.91145,-20.328728,1.1292691
15.654912,-10.750982,-8.806331
15.845765,-16.04927,1.4833013
15.507505,-16.892586,5.7556415
5.035279,-0.06828561,-0.66142356
6.722996,13.482804,2.3621216
8.373559,-9.812913,-2.909301
-4.8415194,-23.02994,-1.3269902
-18.888155,7.1608205,-2.554531
-20.837534,-4.623796,-10.945558
10.125097,6.3624787,-8.75793
16.417704,4.089157,8.730252
-20.243687,1.5485473,-10.332373
3.2828374,-8.44226,-10.129701
-4.1125484,-0.49609727,-12.874032
-13.927457,11.978872,0.50059545
-1.4316752,0.786439,-6.3175035
-2.8968875,4.6922584,14.154578
22.768942,-4.734296,2.132539
7.051715,-5.8701143,-4.2759237
4.8745966,0.86106825,-14.912311
-15.597355,-7.0605636,-6.481503
-9.699397,-4.360367,0.65517837
-10.518812,-0.8060117,-2.1311126
-1.9548637,-0.748906,-18.592327
17.114746,-15.411114,0.7394435
13.843752,-5.1532726,10.035428
3.8900883,-6.299185,-3.0432835
10.284197,6.0798955,1.2017896
8.452533,1.121438,12.541558
-15.6408615,7.723921,0.5110188
-15.476575,-3.106269,-10.701042
11.448618,1.9558215,-9.39993
-12.096821,-2.374979,11.581369
7.762873,-12.721448,10.78325
-3.3019269,1.2754136,-6.1068926
9.171228,3.7687993,4.6954074
14.419837,0.50564396,7.7786827
3.1055586,11.554899,13.40046
-21.084248,3.7122686,-10.025592
-1.010577,-9.371827,5.2001357
-13.198843,5.991324,6.08657
-18.244188,2.875108,-11.645941
9.168996,-17.92833,6.879856
9.8398075,-6.963312,11.932632
6.267789,-3.0385036,2.1694489
20.126194,-5.2308927,6.150775
4.4020486,3.3524852,-19.571957
-0.8087842,-10.338356,11.197883
13.753272,-2.297608,-1.5645909
5.357545,-12.24156,10.364556
-10.448174,3.959385,0.88573194
3.9899328,7.8209267,5.1093693
3.2754958,9.39911,-7.9251523
8.951965,9.392413,5.3715796
-17.001812,-10.40019,-7.857779
9.623773,6.2670794,15.29811
2.3609598,4.7170787,-3.3218083
4.5787654,-14.263642,5.2726603
12.711658,-0.8476322,2.0608757
4.9772835,-1.4818404,-9.841529
-4.8183384,-22.955233,-2.3897622
13.013717,5.0405827,20.065619
-3.978313,-7.6101217,-0.6716216
17.074432,1.367344,2.4281838
19.096382,-8.258789,3.953879
-7.4367766,-4.775989,5.9357934
-9.225917,15.339104,5.6861362
-17.925358,4.589329,-9.355597
12.060504,8.227081,16.155355
-4.9906244,19.295555,2.0320907
15.226994,5.586478,10.599456
17.00753,-9.9234085,7.3423786
9.85766,-6.9919424,7.649059
20.546375,-14.521459,4.1414633
-14.392247,-2.3984556,7.7434983
-18.744387,16.71499,-16.017735
0.02937341,-8.01292,7.68001
-12.346784,-2.1340168,-7.7198563
17.439184,-7.301726,10.605127
-11.762806,13.901416,4.592411
10.706089,-1.3625677,-5.1208634
5.5339017,2.3295343,-14.300547
-9.17345,6.41526,-11.56725
6.38523,7.441375,12.736317
1.6375495,-3.0041115,-12.63211
7.987187,2.0521233,-15.75753
-4.000771,7.9766474,5.542855
19.293413,-11.348472,3.5540113
-7.6150775,6.188868,9.153936
-2.3813188,-1.223906,-12.559048
13.750235,0.36290327,1.5590849
8.741638,-0.43086806,-2.8968287
-3.3114052,-13.18785,-8.895871
-7.9905577,-17.65827,-1.7730995
-15.185355,-9.418709,-7.9052105
10.597773,11.288827,4.3508487
8.071106,-8.375944,11.475037
-17.671564,-1.4767318,-10.490636
18.979364,-17.478144,1.1873176
4.206213,6.470294,0.61073256
16.348475,-13.248154,-7.681266
2.063016,12.380134,9.517776
-10.40117,-3.4558132,2.7177153
-0.46649283,-1.7075193,10.315921
20.92469,-4.752683,2.0096858
2.482148,-15.871317,1.3839285
-1.5339367,2.8558946,-13.412042
-13.057099,3.9206347,-2.7416394
-13.111761,6.9172683,0.6411204
9.798607,-7.320674,9.354582
13.712033,6.3317833,20.164719
11.211988,10.909922,7.6275134
6.583112,8.847668,-14.208743
14.922622,-7.7807803,-8.772958
8.830505,-12.623755,8.997909
4.335677,2.7115424,-11.032101
16.943863,-10.191878,-1.0531713
-16.191973,15.147121,-14.239363
-1.9642651,16.8589,0.7063606
-4.602368,-3.1264822,4.547769
13.635738,2.6725845,-3.6920023
-8.856915,-4.1381536,-6.921649
-14.1938715,7.7691665,-15.971842
16.707539,-8.559741,3.556719
15.143002,-10.931431,-0.04478797
-1.7081672,2.800186,-5.5359716
-2.7648277,7.0880017,-4.141123
7.2902493,-21.387304,7.7719464
5.814934,-0.43415654,3.4903474
16.738234,4.5486164,8.604479
-5.5768385,15.129692,6.6990337
17.3987,-10.402568,0.56496716
-15.024985,-4.8080564,-1.2111615
2.3306606,-3.3109407,-13.273446
8.12953,18.971533,9.822434
-0.07348382,-7.877345,-0.44064778
-17.544744,-3.1914032,4.961042
8.304213,10.955784,15.937104
14.868156,-12.046549,-4.7938085
-7.937139,3.2766685,1.8055187
9.626236,-6.845656,2.6656163
-1.393446,-3.339951,2.8653018
9.967177,4.516687,-13.133583
-14.456812,0.4472773,-6.209447
12.077453,-5.3965755,1.3055996
-11.050532,1.1950681,-4.4338183
-2.7898014,16.33231,-0.1622232
3.7961645,15.124395,-1.9473816
-4.898672,-3.743663,2.7199197
7.5052404,-19.821371,6.855542
5.3406677,2.705523,3.6019936
-9.800445,20.935965,1.2844602
-1.4649156,-10.712129,-2.6211865
1.463521,1.9763759,11.15194
-7.107025,9.288023,-5.929551
-0.46536145,11.103948,11.139662
15.619561,-14.1724615,-0.03479113
-4.8153014,7.9053783,-0.50945735
1.7198857,-13.635878,2.029679
-13.369225,-5.1385427,-18.497831
2.0585892,12.316752,-11.043187
4.102591,18.787529,10.145332
-6.5324984,-9.844349,-6.160752
-7.6597753,8.640707,-11.317499
4.89707,10.382234,13.331466
-10.533895,4.47537,-15.020744
-16.083277,-6.013324,-9.568878
-7.958871,7.7087364,-13.028089
-4.764738,-4.346985,-7.772263
-17.41763,-3.0388253,-12.674286
3.8831244,2.8374038,2.5479677
11.325325,6.9536996,1.4796377
-1.4630557,0.5007934,-5.585718
9.91745,-8.634998,10.841027
4.0378404,6.780893,16.857092
18.853912,-14.195208,-2.0433407
-1.8355985,-9.7990055,2.9201283
-3.1558836,14.656969,-4.182937
14.595073,-17.109411,1.9931659
2.0640173,14.98936,1.9870714
-12.38643,-9.966931,-12.790469
3.5677013,0.90931064,-15.685266
-4.940262,-12.08168,-9.42803
0.96902853,11.362948,-6.5194783
-0.96689624,-12.460783,6.843734
9.086958,-3.8244212,0.052333076
-4.0831847,16.726202,-3.312792
9.848667,11.069229,12.475104
8.763641,1.6118816,16.259594
7.827333,14.462587,11.456684
0.3604979,-4.21049,-13.889867
-9.812255,-7.19337,-10.052045
-2.5667412,-5.6493726,-3.277235
4.7360926,9.820819,4.32062
14.158377,6.4341397,-5.773107
-11.842731,5.640411,-5.1788974
9.299042,9.408245,12.615693
0.97486305,-1.2063788,-12.859717
21.031485,-18.468195,8.788591
3.9511688,-13.029294,-3.4329996
9.799856,-5.9312344,6.395987
-10.699127,-1.6886585,11.803985
-7.2768674,-0.64641637,8.689679
6.805895,-2.2333443,3.277707
6.497595,7.9093003,13.542653
-9.558219,-9.231001,-11.385668
12.961881,3.2186575,-11.4392185
1.097862,-5.372066,-10.270761
6.931733,-4.3020697,-6.465629
0.09696294,8.346246,-1.0574651
12.522793,6.074119,15.653315
-7.3397174,-0.17646427,-0.0757772
16.572,-18.32403,2.7298865
4.4080205,-8.66042,-0.7980047
-3.1152754,-9.275155,6.9260073
1.7673262,15.737746,-1.3377082
-10.489852,4.28332,-13.915462
14.600986,5.7810793,11.7020855
11.651821,-8.660884,10.919185
-30.149668,0.12104396,-4.3935246
9.702531,16.21624,16.186438
8.73077,11.0047655,10.102026
1.5332962,10.39648,-5.256791
-15.604137,-8.772353,-10.010178
-13.88873,12.023528,4.490632
7.890865,0.51227343,12.29453
18.89312,-13.228707,0.33656085
17.797792,-14.996539,4.4277983
2.333477,11.84535,-10.456287
-6.1929207,-1.8716171,11.712724
18.348608,4.3167734,0.83761877
9.4527855,7.506086,-0.6393669
8.329014,-10.639788,-7.351901
4.2734566,5.4774003,10.861395
-1.0285,-5.8985753,2.6520803
11.169068,-12.019803,-0.31268266
-19.211113,-1.448791,-5.3961906
16.045631,-5.3302965,5.055818
-11.742006,2.5236871,2.1338317
-27.09893,-2.9672987,-1.6725029
-0.08778348,6.1102276,0.12546873
-19.124855,3.4235868,-5.706549
17.412645,-17.137571,4.5415816
-0.021948133,8.626108,-0.4896391
-19.904734,7.3643775,-12.932289
4.3227644,-5.7241797,9.386654
1.7158552,-0.7510315,1.0962801
-2.381924,0.959037,-10.714407
0.24274017,-2.1323745,-12.281224
-16.537561,17.379519,-3.2770755
1.7346659,-0.5887952,4.903795
11.311592,-23.742142,-0.0032549538
-11.137497,-1.07576,11.001656
-21.8604,-5.8968153,-3.3644753
11.107256,-6.8166475,3.4814832
9.450777,1.5383286,9.236933
4.699236,3.3505352,-13.665687
14.262228,5.4482613,-0.5444153
-18.980791,-2.4991992,-7.844608
0.9211614,-4.7165265,-12.214726
19.44406,-14.815683,7.887
0.46618295,14.050351,1.3858913
-12.179892,1.4475954,11.86644
9.011068,-13.784483,7.966203
-9.262928,19.382177,-0.75580764
5.297737,8.243188,8.983738
11.05028,-2.374531,8.298408
-28.825726,-4.9478974,-2.9832885
-13.686514,-3.195832,8.547945
14.524015,-5.8808627,-6.292535
3.1808798,1.152029,-16.560625
12.319025,1.2129064,-0.8607014
-3.1322958,-12.293787,-1.8712943
-10.066644,-0.08334638,0.28898573
2.7904456,5.1799765,6.760435
3.1891205,-2.1868875,5.5545325
-0.97815615,6.9429836,3.4363785
14.502294,-16.819466,6.110825
-3.1938996,14.540453,-1.8800516
-2.4868195,-14.315313,4.249434
14.358087,0.55165076,-7.2190514
-8.303961,-20.261135,-0.011098715
9.366521,18.261255,9.416227
-1.4474077,1.563368,-8.987135
-7.48935,-3.2969277,7.0726833
-4.568927,16.214634,-5.050987
10.553678,4.9305706,-10.131154
5.0735693,-13.781948,10.393057
-1.0700483,-6.0257463,3.9362707
-14.932834,16.54996,6.6744184
-8.683479,22.961561,0.30839106
-4.718981,5.50545,-7.2800364
-0.9568523,-8.392167,-6.4263062
-23.759146,-4.3959684,-4.8587303
8.303767,9.454522,8.146544
13.853738,-0.57633245,-9.916875
0.10704941,-6.001862,3.4485013
1.7166184,11.018818,-2.4011002
7.0363507,-5.200424,-2.4015756
16.218689,-6.3686404,2.9981728
-6.854969,-0.77569854,-2.9412658
-18.994802,4.5810003,2.2702248
-17.652729,15.968872,-17.586113
8.806263,-16.888021,2.9349585
-12.083432,-3.2418275,0.9619756
-5.067465,7.8309145,-7.5314684
4.3035536,-4.090485,-2.467627
3.3605208,18.846037,7.9837217
-5.443877,-0.14055799,-14.982463
24.364967,-16.543102,3.826277
8.901416,5.549405,-11.382943
-14.184964,10.36188,-12.664301
-9.1715975,18.148003,2.3026593
11.19028,1.7212354,-0.5108095
-8.051197,-1.4420897,6.609545
-19.150755,-3.7572107,-8.605533
-23.217802,-5.2117214,-1.4840277
-0.3943287,-2.8917806,-4.918693
-13.864871,-0.81039125,-5.5109468
-2.2191575,-2.8529136,-19.57606
0.3744614,-8.775299,9.189698
10.121505,-9.87216,10.027763
6.255695,-10.893915,3.0738719
-4.2372766,1.7177372,9.014136
3.8469706,-13.871253,6.468508
8.67449,-13.693975,12.377941
18.315897,-12.650834,1.4311539
-11.987996,-1.7565633,9.263001
20.992367,-8.154145,7.8233843
-3.9404695,15.54489,-0.08694729
11.679277,1.8923621,4.46366
-14.832511,15.82096,4.575988
7.022262,20.364338,9.852965
5.651227,15.596223,-2.4615276
12.809377,-5.6099772,6.8094916
3.067707,0.024039702,-3.3588064
-7.3538218,-0.2966705,10.873345
13.419182,10.54014,15.516169
16.572433,8.947113,0.9218126
-6.758577,-0.8843697,-3.0719943
19.516148,-7.3669558,9.323647
-0.84312564,1.1700076,5.3591886
-15.5006075,13.385248,3.7466016
-8.730294,13.250715,-7.9699845
-10.494113,8.997351,-0.52232766
-7.8383245,-18.729727,1.5444024
-13.992063,-15.55617,-4.9249983
18.50719,-13.837949,6.5770445
-8.367299,1.7356855,-3.4966207
14.048788,-3.6354895,10.128805
10.436103,-23.646727,-1.275141
-4.997898,3.5732465,-7.7501764
23.073528,-10.717477,4.3207593
-0.8869387,12.774274,4.785185
-3.6083734,-7.1634436,0.104296386
12.750816,11.110212,-1.8580594
9.0667095,3.1792219,17.080664
-1.4387491,15.727664,13.002629
-9.880941,-10.229265,-11.982609
-2.4659245,10.400383,6.7430634
12.764735,-3.159156,11.858542
4.558514,-7.1688137,-1.4990786
15.323502,3.8767064,0.09614283
14.530102,4.4254756,-4.9346104
-10.042167,1.7021503,-9.193919
-0.91781914,16.872326,-3.16223
-18.448973,3.1623564,-9.0014715
-1.1827035,0.13445807,-12.279128
1.2492296,11.830937,-0.79690355
-17.955421,6.6295247,1.0884434
-15.1575,0.964292,-12.362318
8.952029,-10.729972,2.0463064
-21.08614,1.8861885,-7.7241697
-16.237766,11.050823,6.106517
-11.592004,13.185257,5.353595
2.390404,15.306275,-1.3160286
6.958423,9.6515,15.130604
-1.1197548,-6.139555,-13.365118
0.7194773,1.0379437,-14.367757
11.235049,2.5328135,-9.233211
-1.2478576,-3.4111893,5.4582453
1.1531987,17.150623,-0.45440212
2.901613,7.211288,12.5938
12.32974,0.5543874,12.698282
5.991475,-18.09279,5.762134
18.740683,-1.7551792,5.883188
-13.116323,18.252054,6.4621058
-2.459895,11.421244,11.914483
16.74686,-17.998579,-0.53305304
-0.51368904,1.8927878,-4.2907705
4.462324,-10.214681,7.859667
-12.341403,17.85691,3.6055763
12.263552,5.158588,-1.0124793
-5.5974765,7.9193797,-11.33005
16.162254,-15.252663,-0.44208318
4.3078303,2.2028818,9.69704
-1.9681494,-1.1896673,-18.829432
12.767199,2.0800824,-7.47604
-6.6244564,-18.849566,1.0554713
-0.032143172,-4.222347,-16.349325
15.47249,-19.866085,3.4733467
-7.7847304,4.230821,-11.314053
13.394773,2.3321664,-5.468709
3.9259624,12.005897,17.666393
22.158905,-12.126184,1.2316364
-0.7828854,-6.2637033,13.626264
-5.5293994,-19.63877,0.38222733
0.35313597,-4.292955,-9.987344
18.490925,-9.998193,3.3092072
6.7376657,-15.593413,8.499877
7.7498302,-12.727379,-7.140978
8.552739,7.4785547,5.1590934
-6.22519,10.474799,7.3327317
-13.607254,1.44733,2.2934434
10.111857,3.2400835,5.447628
21.086454,-5.316434,2.3420293
-18.005615,3.190915,-6.7882686
-0.43881837,7.447485,4.210356
6.8867207,15.219205,11.64972
9.869127,-1.5616682,-5.851623
-17.154469,12.501691,2.4319217
9.896875,12.774831,-5.3537536
-7.8805466,12.68113,-7.264383
-0.85346097,-12.164066,6.6540136
3.6704717,-5.7543645,-9.141239
14.868791,-4.0527925,3.991277
-16.599459,11.262376,-11.930587
12.502551,-22.986612,2.0500786
-3.2124183,-7.7190404,-0.4023276
-16.202412,11.3960085,-0.6946297
-19.76012,2.9757965,-9.861437
-12.027173,8.371674,0.8101707
-14.276602,0.09912571,-3.6631546
0.40882322,9.133343,0.81805986
-11.798488,-4.0093136,-2.581257
3.7301326,14.999602,-0.51572865
13.7309675,-7.074942,-7.390292
-25.474281,-5.635348,-3.1912653
-6.566423,-10.977128,-5.4959984
9.135624,15.485757,16.448973
-1.1350144,0.45283833,11.567804
9.974251,-7.9830346,10.872419
-4.344387,0.60377556,-12.013151
-8.641183,-22.50271,-0.54816973
-6.447975,9.045872,-7.6447725
18.055914,-7.268424,12.054109
-12.008106,6.1281247,-1.444642
-23.611605,-2.9632034,-0.85931015
14.002827,-4.233406,10.243305
-13.62661,-4.593529,-16.613495
-7.7644153,-2.0034413,12.137048
-8.586945,4.0046115,3.1360197
2.440144,-8.118073,-11.10903
-2.0953398,-6.033098,1.0294489
-14.483136,-2.9484603,-10.584571
1.3769596,14.144733,-12.781694
-1.3771315,1.0119569,-10.865189
-16.94187,-8.5682955,-6.9711757
21.948004,1.9884739,7.203365
14.537078,-14.057284,2.9413497
17.866528,-9.740856,4.3140507
17.71134,-1.8929353,-6.6544356
-14.327645,16.052498,2.3625183
15.738359,-13.788487,-7.5377417
-12.651162,10.192131,-3.8102195
8.495268,-10.568367,3.23689
17.069221,-15.843446,6.6743765
-5.847399,11.822176,5.7965455
-10.922503,3.7815099,-9.265685
7.927644,-9.614122,-1.5893748
-17.12016,14.793672,4.678695
14.137324,5.7070527,13.19364
-3.2963629,15.722211,-1.2709819
18.047625,-16.81726,6.9031672
6.146685,-13.105611,1.3094641
13.259246,6.7407336,-7.686834
12.953131,-8.169918,11.0463
-20.754845,-7.4994774,6.175498
3.2565684,10.730618,-8.762892
4.8569202,-14.29903,-3.5598247
8.813937,-10.586239,-7.3123317
-17.676622,17.30144,-17.005033
-1.9365066,10.559952,-7.638249
-17.35847,6.1170874,-5.013364
12.954188,2.152278,-3.933446
1.5795946,13.729933,-12.344589
-11.392112,18.586174,-1.4444269
2.052442,10.902479,-9.3211
-5.9745703,2.5011396,6.6687984
7.1705904,-17.420612,6.149943
10.792739,10.094719,7.5920553
18.047838,-15.033856,7.004711
-17.457552,15.111124,1.2180184
-11.527121,19.209362,-0.5129596
2.5562987,13.392605,8.55099
-10.8152485,3.875283,-2.7682493
7.2553434,-11.129452,-8.037641
10.095219,8.827836,16.75347
-15.664907,8.831403,-16.138832
-29.057766,-2.9405975,-4.1945577
4.220677,19.044456,11.407142
7.680099,-15.119478,7.706442
7.8324223,-1.1745625,0.6523672
6.731736,-9.586853,8.114931
-1.7665241,-1.230264,8.910342
9.510138,-10.708549,6.402962
-24.697824,-6.0428934,0.8787391
10.097544,11.7618685,8.16505
16.749113,-16.856363,-1.4692706
-16.612175,-2.5856323,6.870368
-8.461925,5.9151683,2.8521378
9.643338,2.939264,-3.2390962
-1.9293178,10.775691,5.063432
24.657763,-16.00332,4.7181087
-2.2449381,13.305909,-4.026065
9.376867,13.298595,9.841033
-0.20161487,-4.8378406,-12.916243
21.03256,-9.175337,9.36668
12.035311,-5.1109505,1.0645514
19.35691,-5.9950576,12.070419
-4.2801685,-7.7312713,-12.981057
2.8042173,10.719707,-8.726927
9.474829,6.4668074,-0.2313247
-1.5255156,16.319221,-5.085008
-15.966819,5.2089796,1.3478801
11.197627,-3.3735373,7.4360623
5.41272,12.883913,8.35457
-2.8507519,-3.3331778,2.6401827
-13.939913,10.022304,-15.388132
-9.060504,16.150875,4.954038
16.894512,-6.9670787,10.4206295
3.348453,4.602402,-2.8580158
-19.736256,-3.1605918,-0.3526108
10.749786,-13.193658,9.92455
-26.165216,-5.201075,-4.027065
-6.8905067,-0.10586347,5.6108184
-2.0539877,2.2931218,-15.238246
-3.4045954,9.9871,3.3622296
-21.84734,-4.408483,1.9808502
-17.858404,-2.2906547,-9.886893
0.5427614,3.5992985,-12.505654
-7.592602,1.0909649,-0.16033918
5.6610975,15.018667,15.570617
17.856947,-11.567471,2.7193952
13.716438,9.026316,3.5431547
-13.6052685,14.726721,0.046642378
-20.382454,5.6612387,-10.73932
9.859882,-4.753724,-3.2842958
14.003182,-2.9137564,4.3673124
18.567253,-1.823467,10.098628
-3.4648325,3.494251,-2.9683177
-16.46179,-6.299925,-5.373043
-13.986464,16.338968,1.0235622
17.369953,4.8766136,4.9276204
1.9930865,14.2607155,3.272825
3.6858137,18.584135,8.796162
-16.54765,10.005032,-13.722143
-3.650853,-10.163015,2.8824246
15.080728,1.9362192,-3.6472523
-9.419624,-6.3753343,10.059202
-19.111954,0.45815563,-2.5329096
14.709134,-8.8332205,-8.220726
4.472147,17.92085,9.695682
-2.855369,-9.643007,-13.204207
-8.905496,-5.993971,10.406763
-6.276479,1.9360362,6.436021
-16.984266,4.99818,-10.225058
-15.495622,-4.695075,0.59985065
8.900815,8.934262,5.649382
20.70532,-8.325926,1.8447387
4.3094,8.353944,-5.1555924
-4.21907,-4.111089,-7.4903026
-17.632538,2.7836704,-2.4097757
-3.3597836,6.2816863,-5.953642
-4.40174,3.7014942,-3.6087244
2.4669077,-3.5717123,0.75626284
-11.95241,17.312057,-2.0834024
14.33091,-7.2039275,-9.766004
8.29529,-1.2479203,4.0066104
-17.777489,2.0608351,-8.267557
-7.381628,23.199791,2.4446478
1.5705899,11.880598,-7.1577077
6.2185946,-8.998529,6.466961
13.004324,4.403495,6.4898543
-24.594448,-6.166513,1.6381747
-1.4443247,10.207813,-2.7918391
-8.837619,10.394686,11.729543
8.367868,-15.181639,2.4100897
11.816715,-23.856323,0.70013577
3.1465945,-2.238817,-3.5196812
-0.2668959,3.6555996,-4.9073524
2.5671606,-5.3399715,-6.8108835
16.078169,-12.029804,8.651215
-4.4781265,6.630299,-13.350877
-7.3131723,-3.5552645,-3.2114198
-1.833032,9.652605,-10.551646
-17.433744,-5.810801,-9.850907
-17.88515,-0.7695301,-9.805559
10.035469,5.541775,10.146354
9.475809,7.6169972,9.890276
0.22881638,11.499062,13.898067
20.348957,-8.716625,2.4744139
-0.5054507,-2.315757,3.14769
15.497121,-1.1361976,15.49301
-0.4474255,-4.5133996,-9.97364
-7.470007,1.3287394,2.3545787
1.3458627,-1.6362079,10.045042
0.7759987,7.211024,-9.432529
7.385568,12.355523,13.053049
-6.0062933,-1.5527674,-15.039254
-29.880188,-0.87668675,-2.511282
14.976018,-1.026431,14.058584
1.9277158,2.215184,-14.324262
-2.5164986,4.032337,-16.577755
-15.561176,12.449072,-0.3444519
3.616674,4.380441,-14.082058
19.775385,-11.072324,1.7100555
16.536121,-9.638322,-8.266764
-8.917579,19.387064,-0.7005577
-20.179514,-2.4251764,3.466162
3.3297813,10.21529,8.738687
6.5429544,-6.444602,3.1762505
1.8783922,11.621752,-5.2295127
10.4902115,8.237667,10.99293
-14.811469,8.902776,-17.420265
-28.193665,-1.7361398,-2.6206
14.203493,-15.80266,-2.043733
-26.336926,-3.5270014,-1.7823726
-29.4961,-4.424571,-1.4163606
-0.31925339,-8.157679,4.9753356
1.0054169,2.2969313,8.595031
-2.521195,5.9875555,6.9094696
-2.6658418,-19.54044,3.1010683
3.3480508,-3.0373845,3.3918386
-17.860434,-2.9856608,-13.410559
10.928275,1.7950159,-10.88247
10.679551,-7.2729387,-2.0687978
11.3993845,-19.605314,3.5091624
-30.644354,-1.3866003,-3.5736198
4.4597874,16.680618,11.062695
-12.848903,2.6247947,2.3200853
-0.20549513,-8.359538,11.5686865
15.391343,-2.7302663,13.312647
1.4677194,-9.311357,4.69163
4.2128825,8.358474,18.405619
-18.515316,14.772039,-17.121513
5.291397,-3.0456512,-3.877613
-2.3560781,2.865403,-3.9159453
-4.5410924,-12.441265,-9.321735
22.872023,-17.661104,3.2026124
-7.107496,5.2833405,-12.889978
-16.929377,6.11583,-1.1961766
-12.511159,-1.8097222,-1.3352187
-9.803234,-7.2953553,-10.112803
11.12276,6.4792604,11.200114
7.178294,8.037053,15.28688
0.31815112,-6.4266376,1.8173927
-13.991378,-10.957262,-6.25359
5.0502396,-1.4110566,-0.7531407
5.8548164,15.253296,8.859363
10.255947,-15.325518,9.8092
-10.67195,6.2786913,1.9790628
11.120069,10.576544,16.354752
-7.5092793,5.444443,2.4479954
3.3912525,12.930501,-3.1823947
-0.36434054,9.142365,11.740613
6.65909,17.717136,9.991838
4.612753,10.3326025,4.8434544
14.527534,5.426733,-0.9894516
-13.920894,-14.505001,-4.1630135
2.6835515,2.7646027,-0.28666228
3.329515,6.3401546,14.581563
-13.092376,-2.140568,3.5612144
-16.324575,-5.2127795,-9.167315
22.548307,-17.432827,6.105678
-11.517753,-4.9288206,9.768321
-13.898324,15.788041,3.7965775
2.0730233,-2.4472437,-10.518514
-8.234856,11.011784,-9.235812
9.619878,-14.078554,6.3568277
5.335043,11.585525,-3.7247334
10.397956,0.5747854,-10.8875265
7.911772,-15.356018,1.6077775
7.0670094,3.7768621,-13.912816
-3.856266,4.5483146,-0.6387217
-12.888628,-2.0323472,-5.5290794
4.617267,6.659733,14.206756
-17.502174,2.5422606,-2.930878
8.114438,-16.147081,3.9696684
-13.619294,3.2078094,-11.798418
6.787761,11.402714,13.832429
6.898762,0.41825774,-17.460585
-17.47086,15.940469,-16.314714
15.474461,-7.5014963,-9.063832
6.7071786,11.366769,15.638126
9.401181,1.2474524,13.933728
-24.04023,-4.9677277,-3.9992437
13.6686735,8.205835,2.9307504
5.246438,5.294545,10.188607
-26.915174,-4.2229376,0.84410113
6.32868,11.792078,16.601118
4.41273,0.29672453,5.098395
-1.1118135,0.893202,-17.730358
19.41916,-1.2229766,9.678242
-13.325213,-12.366617,-5.105582
10.140534,14.366919,-4.3026695
16.595497,-7.3034854,-2.0333061
-9.322882,1.4191145,0.53566325
-9.55869,1.4879516,0.42167005
9.531567,-1.0294981,-2.3873758
18.16698,-7.447429,-2.0919762
12.627517,6.0653586,-3.4521418
-2.3938112,13.545442,-4.1846604
-3.7634373,3.9786448,-1.6159935
-12.467405,3.492699,-11.803825
16.752224,-13.541355,-3.6967962
10.507823,-12.481827,9.14964
-16.273468,8.404996,-4.1169567
14.543756,6.7332687,4.3041577
-9.142286,13.494051,-5.248948
9.833068,12.3945675,-5.5761733
16.648605,-9.592821,8.620351
-19.181032,-10.522105,-1.6054378
-8.649555,2.4244595,2.1968334
-6.2513323,19.487028,4.9467897
-5.192807,15.722028,6.7915177
-4.965716,11.764736,2.8414786
-16.268652,7.7572927,-0.40231052
-8.552098,5.111872,-1.16827
-7.799176,-2.1440556,5.435585
2.6602325,16.283852,-2.5238512
4.026513,-8.423902,6.6604004
9.830063,-4.6764703,-2.5831573
4.9863663,3.2344944,0.9125212
-9.826857,-11.845776,-12.214872
-20.700071,-3.638569,-1.8959198
10.737665,12.756547,18.863134
-9.527319,2.344615,-0.4002683
2.951336,-6.612551,-0.6195677
-10.237751,10.670172,10.4020815
-16.521694,0.038153246,-11.585936
12.84553,6.351054,-3.5950792
-13.750989,-1.2886399,8.625406
-8.807085,4.668941,-1.041428
-19.30411,0.5243992,-12.370996
-3.2470589,10.336318,-8.616474
7.3652263,-10.46981,3.6899986
-15.296497,-3.3225753,-5.6479244
1.2045246,-5.4832764,-2.0783224
6.3101845,3.2927814,13.28299
13.65374,-4.338806,-7.7637424
-26.809534,-0.7760376,-1.240995
-0.084778495,-12.094846,6.113128
-2.9443178,-20.358084,3.2980852
-16.314611,11.683844,-15.627509
-9.475188,4.4664884,-12.074695
-14.904305,16.868807,-2.8236198
15.378721,2.3159466,-1.7790927
9.301774,3.4778347,-0.793033
0.40956652,-11.108238,1.573499
-8.105456,-5.3524046,-11.629299
-6.837532,3.3423593,1.0520577
-9.592273,-1.987076,-1.292072
0.10578772,11.098443,-6.380478
1.6704347,-11.545125,4.878361
6.405063,-17.379618,9.61202
-14.643645,-1.1123762,-8.045283
0.008355274,-11.262768,0.5424139
-7.9060783,-14.190078,-1.5374558
-24.702377,-3.8547468,2.1988468
3.2956755,9.341677,16.905046
18.791086,-15.316181,1.1624305
9.834464,1.4210354,8.949661
0.88448167,-5.2238517,9.933055
6.8254094,12.308396,-1.143786
-24.615847,-3.8026469,-5.003924
12.847739,-10.955052,5.775412
4.4625783,3.2517638,-18.42284
-2.3900104,6.1232595,-6.4984965
-4.309591,-2.6555808,-8.625551
-2.8886082,-6.1370373,-5.040516
-1.7818073,-5.857405,5.3884406
-16.168371,-0.07554812,8.636188
4.8724117,-10.246068,11.155636
4.6620154,3.0350604,-15.349192
-7.280735,-3.463248,-3.1764755
-18.784447,-0.99788845,-12.145374
-10.3735,13.710069,4.450477
-14.810427,16.70893,8.034017
-3.390398,-2.2111778,9.772949
-8.925425,15.72582,3.4119036
4.5888104,2.7496552,-18.053715
21.712473,-8.17812,1.5018189
20.25335,-12.4483385,1.1897327
4.763881,15.003185,-2.4475727
0.93606627,7.962885,-1.5345001
17.896616,-14.589141,2.589016
-2.056504,10.020984,5.0065517
-6.161504,-22.472939,-1.1622727
-7.6734405,8.385095,-6.1360016
0.12334776,-0.95073164,-3.0813594
19.975311,-6.8585367,4.9772596
-14.288713,11.225471,-4.9436274
17.706497,-13.89209,8.7548895
10.140166,-14.665087,10.057097
-16.20986,14.660487,-16.043186
6.9141426,10.713144,-0.5041053
-2.9760494,-18.757154,-1.4689627
-9.867162,0.23785165,-4.9558096
-1.6708357,10.10064,10.854883
5.6946874,-2.482553,-11.706503
15.688657,5.969317,-1.9958243
3.9407809,12.26295,16.14748
-3.666455,-2.9776318,-8.528205
4.794103,-13.837441,-2.3244648
9.6732645,10.381398,3.8444989
-1.0046324,-2.8799284,-2.1160004
-6.8287992,8.917129,0.6363053
0.7600149,-1.9151238,11.592951
11.420418,3.347371,4.602442
15.553233,-4.6815457,4.8099537
-3.6910288,1.2178996,-3.969105
-8.778004,-9.724002,6.3356705
-13.483557,-3.2201962,-11.90059
4.699764,-4.307529,-0.5244347
-2.6238997,-5.5977902,6.460615
1.9142705,4.7520847,-8.222281
-5.681652,-11.709034,1.5792539
-1.8684404,16.074118,12.898474
8.011628,10.54759,0.5929107
-2.086731,-6.125992,-2.9404945
6.941657,8.397906,-2.0009673
5.2801642,-7.63836,-12.529401
1.5863779,-2.0704708,-16.191029
16.561998,-13.429654,-7.176203
-3.1281981,-4.575843,-0.50031865
13.332013,6.3859177,-7.0940275
4.887331,4.237182,-2.9676802
-5.02241,12.088882,6.608275
-11.645817,-2.6944842,-17.411354
7.831468,1.224868,8.040983
6.9701915,-3.649935,-3.114986
