UMAP_1,UMAP_2,UMAP_3
9.565906,-0.2776782,7.7241416
6.52236,1.5974615,6.563853
6.785494,-0.4641372,4.8594093
7.8990073,-1.2811399,7.3215804
5.335237,-0.7611803,5.668602
8.2143135,-0.2556533,5.59336
6.6291866,1.2533468,4.116152
5.054073,1.8830532,3.9326472
5.9284024,-1.1153489,5.8801413
6.642208,-1.0141053,5.450973
8.315532,0.74152404,5.233564
7.319501,-0.5950671,5.157758
6.1298475,0.4896889,7.8591886
12.169077,2.7681394,7.983311
4.231123,3.5056028,5.274275
4.415891,1.738182,4.251387
4.311863,2.3045423,3.4165404
4.182471,-0.45370445,5.2169304
9.214831,-1.2195888,8.454099
7.521163,0.16881724,6.4012527
6.22639,1.308587,8.119957
8.615891,-0.6948986,7.910481
6.952032,-0.059432812,7.249639
9.347429,-1.4848546,8.574605
4.556652,1.4776372,5.089475
7.3164167,-0.6070134,5.5893197
5.9796047,0.9459229,6.857394
4.369943,2.5654147,4.7554154
9.087912,-2.14231,8.444138
7.2136936,-0.632795,5.779629
9.116722,-2.3585243,8.534598
7.6458726,0.6830168,4.152298
5.5384264,0.37454414,3.5887334
6.4120984,-1.2434667,5.7293057
3.7189002,4.184998,5.4033747
5.318976,0.8404467,6.214766
8.106122,-1.3583235,7.3690763
3.2527568,1.4578408,3.789319
6.3547244,1.1140501,8.245053
5.8056602,0.27265477,3.8065255
11.897967,2.4403415,7.753612
6.390767,-0.86040854,4.9858866
4.3577886,2.34775,3.429026
4.7218976,1.5324262,4.2565103
4.5513787,-0.51695645,6.0930014
5.7961683,-1.2586864,5.4340696
5.248711,2.0038564,3.7454298
12.183376,2.7206533,7.9012575
6.1708035,-1.026927,6.3740735
8.184599,0.15052842,5.59155
5.1726403,1.479142,4.222162
5.1504183,0.8949266,5.780506
6.321367,2.0401711,4.112589
9.263528,-1.3709551,8.538425
7.376825,0.22488034,6.1806717
6.779713,1.3040369,8.283471
8.332243,-0.17138858,5.565421
9.114457,-1.7119627,8.057383
8.663533,-1.2644275,8.352155
7.4465523,0.6864816,7.3480563
4.6188602,-0.46509826,6.1966195
8.167385,0.34680432,7.8482265
8.645345,-0.21228762,7.4457955
4.7977085,0.96096075,4.8204594
6.4612117,0.8470737,6.875512
7.546362,0.7951399,7.299033
8.856139,-0.45080638,6.939556
7.8405232,1.0637579,5.067181
5.0712423,-0.46815598,5.90592
8.181487,-0.3164536,5.7971654
7.3530684,0.9203821,7.0922103
9.437934,-2.164031,8.088334
7.6061163,0.32465166,6.563414
7.5026712,0.13142236,5.657914
4.5139694,0.7404469,4.979994
9.310335,-1.5204196,8.348995
5.9430246,0.7855001,5.12983
6.0617566,1.325885,9.404881
9.764411,-0.30717048,7.251909
7.3142447,0.62460387,7.26083
8.582031,-0.20941171,7.9479694
12.140842,2.7172115,7.9343224
11.925039,2.56829,7.998602
9.14432,-0.2701127,6.744045
4.3871064,-0.48607484,5.9409676
6.781146,1.266619,4.019308
9.173661,-2.1471295,8.526921
4.8139086,0.7100822,5.4145656
7.140828,0.5090016,7.137126
7.049033,-0.5845498,4.2613006
6.518994,-0.9404336,6.109333
5.8168974,-1.2130036,5.64745
6.8276854,0.8372071,4.979945
5.0461507,1.153281,5.7415247
4.5189614,0.73944813,4.8682694
7.9139576,0.1405429,4.8398943
8.637533,-0.6787442,8.439658
7.905528,0.5706344,7.1896567
8.442756,0.73768735,5.5390625
5.1880407,-0.24367918,6.6117973
8.111504,0.7702957,5.4268947
4.391283,-0.56739575,5.69728
8.335335,0.49030682,4.949122
6.4059563,2.0212014,4.174194
6.7368383,1.9787215,4.4677253
7.784865,0.829861,5.730796
4.723644,1.0754695,5.388842
6.983255,0.6935188,5.784234
10.1678705,-0.5586188,7.2005825
5.3774667,1.7938483,4.423541
8.72603,0.32947603,5.4490976
12.056965,2.689631,8.048426
5.6257105,0.7025198,5.9861126
8.669418,0.4400833,5.544821
6.116912,1.3322188,8.080122
5.2342367,1.9285687,4.4217167
5.1697392,0.7140986,4.1787505
7.6915054,0.9267131,5.7482796
6.945949,-0.79282254,6.717202
3.4478862,1.5125929,3.853091
8.290578,-0.47845745,6.420744
7.28997,-0.60053223,5.1534014
7.0265126,-0.6038545,6.933878
6.02486,2.2527473,5.339105
7.762689,0.10541104,8.306941
8.438492,-0.031853765,7.5549083
7.401844,0.70664537,7.3313394
8.096218,-0.10566372,8.291307
6.8350964,0.26823026,3.8578408
6.180878,1.9808309,5.692172
6.209801,1.6078523,1.9074774
9.855031,-0.35524455,7.5079374
4.1974726,2.1288383,3.8131235
9.349593,-2.0944238,8.250541
8.222492,0.6356693,4.894584
8.568362,-2.4711206,8.348846
8.3280945,-0.49879056,5.9296064
6.339743,0.33324385,7.524281
4.1710753,1.881073,4.254716
5.519488,0.38544798,3.6314027
7.9404163,-1.2418026,7.3909664
5.330083,1.6512594,3.6401558
6.8714323,-0.18627271,4.564524
6.9294424,-0.37948945,4.8815575
7.604806,0.5387315,6.5066733
6.1233644,-1.0216124,6.3754363
8.742675,-2.1277077,8.142989
6.0854845,0.8192944,4.561935
7.4551997,0.025989395,6.445411
8.382937,-0.3864152,6.4468822
7.906303,0.8659605,5.132425
6.9425983,-0.33118314,4.845855
7.043425,-0.4106167,4.7719774
12.198447,2.741778,7.9404736
7.1071815,-0.41716042,4.4605494
7.5604143,0.25222045,8.315691
6.960838,0.9995883,4.84782
6.0810156,-0.9162683,6.462561
7.73455,1.051226,7.2996306
12.162275,2.726074,7.9364376
9.022266,0.09744262,5.9317284
4.4110894,3.2497253,5.1279945
8.017702,0.2518785,5.57986
4.3323817,1.8118377,4.185736
7.8377304,1.2496593,5.4189053
5.5463705,0.46328542,6.517125
6.371158,1.1736255,8.382218
8.145642,0.019398684,5.7224183
6.961117,-0.4599252,4.631013
6.823119,1.2988615,8.350817
6.51845,1.8932115,4.6649756
6.539185,1.1710808,7.4272385
6.2862353,1.7054933,6.002089
7.076528,1.0572652,7.4823613
10.083298,-0.43003267,7.1856856
5.4257483,0.9404644,6.2052093
4.1603847,2.4197981,3.2920275
5.9108186,-1.2361155,5.42451
5.366809,1.5635855,3.1293974
8.303898,-0.34327152,6.2061534
5.035895,0.88545513,4.075235
6.5078483,1.749061,7.0235085
6.7180343,0.35497594,5.141251
6.5675983,-1.1915296,5.017948
8.457862,0.22982739,8.0698
5.125298,1.4106607,4.072199
6.1900773,1.3715069,7.430437
5.2614613,1.7498375,4.875489
4.330385,1.5384707,4.7019925
8.631049,-0.3839435,7.39064
7.734911,-0.70703584,5.7166266
5.9296393,2.3666453,5.256313
6.263483,0.5656056,7.784272
3.8903654,3.98421,5.3950877
6.5854726,-1.1269398,4.8179526
5.461832,1.9025843,4.795456
6.1771603,1.2625622,9.080483
7.585567,1.4809154,5.0435734
6.104831,1.5223768,6.812354
7.4317894,0.009827173,7.0927916
8.620426,0.12394633,5.620263
7.0711513,0.8956787,6.9155746
9.411256,-0.27192897,7.748131
4.7558374,0.625411,5.393573
4.0615883,2.5189855,3.156098
8.922783,-1.2129525,7.7946377
9.190901,-0.6024646,7.2612615
7.1284857,-0.817609,5.708462
7.147758,-0.49051765,5.7878966
6.3315353,0.9589698,7.869064
5.6784368,-1.107818,5.721648
7.4208155,0.64328545,5.9686975
8.532927,-0.15538062,7.5803695
9.124911,-2.149311,8.610421
7.7453003,0.6139737,7.234184
7.9784775,-1.874176,7.115298
5.2218566,2.3945208,4.180089
6.4284863,1.9774503,4.105026
5.279285,0.7210721,5.863042
9.152423,-2.2880244,8.428609
4.473181,1.0230896,4.8623133
6.710662,0.77665997,7.907036
5.9165354,1.5441431,2.458319
9.062099,-0.5555641,6.9402637
7.268451,0.58469975,6.9378705
8.574485,-0.12439536,6.7119465
5.501101,0.86657476,6.0510936
8.626687,0.20811851,5.5898952
7.0867214,-0.26024354,4.834404
4.6935134,-0.49377823,6.249231
4.2761645,-0.47182575,5.2824464
9.281792,-1.2966216,8.388679
11.873486,2.5605645,7.979247
5.1333246,1.1504792,4.7576995
5.87335,0.27778754,6.9814305
4.295871,2.3554893,3.397817
8.166597,-0.5258642,6.2976522
6.955862,0.7801027,4.922311
4.8560057,1.8489379,3.838732
6.064321,1.7697982,4.240281
6.5668855,0.83889097,6.8330064
8.786771,-1.6693951,8.372879
8.0332,-0.10804574,5.8436985
8.318377,-0.4113313,6.218802
8.416377,0.13788807,7.83729
9.177429,-0.46780422,6.5210605
6.9298635,0.82385325,7.9031005
7.7445655,1.3361028,5.555164
5.348417,2.3845143,4.259553
6.0989585,1.405712,8.37206
4.2479343,1.9075831,4.126616
6.50556,0.5533581,7.837516
6.219527,1.616515,1.8887987
5.1007876,1.05283,4.006905
4.873148,1.520343,4.4455833
5.9253006,-1.1587508,5.7752957
7.5774136,-1.1746849,7.3250523
6.4990177,0.85572684,7.08211
7.905971,-1.7924002,6.9882426
7.3926907,0.4694123,8.305037
6.545216,0.8234672,5.976557
7.358966,1.4400179,5.8842964
7.143701,-0.08038052,5.122327
3.1057105,1.4551498,3.7321734
9.057516,-0.3128238,6.841105
6.194635,1.3583333,2.8085947
12.091958,2.6130083,7.8200254
6.141537,-0.122300304,4.12412
4.3973055,-0.47538218,6.0030985
4.8128066,-0.5153879,5.3215566
5.399864,0.51587754,3.676192
4.7046375,1.2327086,4.0432625
5.510973,1.0294683,6.595293
6.351127,-0.34002373,4.333483
5.3064723,2.490024,4.2617617
5.0949755,1.4171829,4.103748
4.5537276,-0.46321708,5.448567
7.379872,-0.48288408,5.2459216
6.0458026,0.38449985,7.7197723
8.600354,0.18133584,5.5494514
7.875916,0.2889746,6.1500893
6.68512,1.31126,8.190233
5.732809,-0.6680627,5.8933806
9.33526,-1.7217208,8.020372
6.380173,1.0303007,5.7233524
3.777565,4.101849,5.3842006
4.20829,3.2033749,5.0720196
5.427488,2.200766,4.516414
5.757585,2.5372927,5.0090065
3.8623075,2.7090878,2.9393477
8.822545,-0.4187222,7.028736
8.991873,-0.06424992,5.8970323
9.207444,-2.099948,8.559452
4.261879,-0.32280967,5.072413
4.5498176,-0.4923529,6.1352324
7.7586656,0.5846217,7.2220736
6.132801,1.507305,2.2930536
7.337131,1.210916,5.934438
8.021053,-1.9044323,7.126652
6.147307,1.5790428,2.1130939
4.507578,2.2083442,4.390565
8.326721,0.89195234,5.349146
6.1338606,1.2740595,9.260382
5.1005383,1.5303535,4.0568075
8.710585,-0.4099535,8.189292
7.729095,1.3232564,5.314726
5.1202807,1.4309677,4.1966343
4.5801353,1.4596286,4.735947
6.1863866,1.2628865,8.571609
3.8845086,3.9427264,5.3400855
8.82179,-1.8917587,8.618928
3.0383198,1.4388785,3.6970794
6.4566035,-1.3143728,5.180252
5.988062,2.295441,5.383136
5.530564,0.832912,4.1807656
4.782508,1.2913178,5.36657
8.936832,-1.2902018,7.7853174
8.290815,0.8396157,5.513851
5.0724115,0.7218027,5.713719
4.5539193,1.6107023,4.367645
5.2997155,1.4693704,4.1624494
8.173821,0.92507607,5.1654654
7.0920334,1.7995381,4.918796
5.865264,0.7256387,6.8382854
7.8767643,-0.472904,5.8162646
9.173229,-0.47320396,6.585597
7.627116,-1.0274166,7.125305
9.063611,-1.1417624,8.466313
8.038539,0.21304704,5.071373
6.06493,1.324222,9.461958
9.42709,-2.1959507,8.03837
6.0983343,1.3014371,9.416742
5.388471,1.7655857,3.3306708
5.816233,-1.0713696,5.734344
5.803355,1.1813039,8.239888
7.0074506,1.3100017,7.3851094
7.1634216,-0.6263771,4.5531526
6.8662024,0.30147532,5.5923386
4.1891856,-0.18926856,5.0130806
6.904408,0.5867406,7.3271103
6.6810994,1.2015473,4.1642103
6.851538,1.1187855,4.288609
7.6991754,0.20083465,6.0975604
6.6240487,1.0915775,7.5680103
6.112911,-0.9486502,4.8031206
9.477196,-0.6635183,6.6675205
6.8679256,-0.22502817,4.6015396
9.22033,-0.45116258,6.442518
6.8074994,-0.43194544,4.781421
4.354506,1.8147308,4.1731305
6.5018363,1.5235376,7.441461
6.4380956,2.0598798,4.212571
9.815236,-0.25006124,6.9897094
7.970521,-1.8504852,7.1273675
6.409203,1.588024,7.521047
9.156486,-0.17949669,7.8066897
5.6473975,0.23512049,3.6773486
6.968898,1.2032578,6.9526334
4.6687264,1.8222337,3.883451
8.94687,-1.5850456,8.563612
7.1257606,-0.36615774,4.6601152
5.7375016,1.364692,2.8376472
4.802293,1.5647386,4.161171
3.0622807,1.4506993,3.706648
4.8222456,1.6408242,3.9941158
7.3575034,0.0168026,7.086854
4.434962,-0.072308585,5.4888196
3.886023,3.9951844,5.3678746
12.13116,2.6095796,7.757141
5.1768694,1.5711834,5.1712995
4.8703437,-0.2770784,6.1476007
7.200193,1.3841774,6.9810863
8.441058,0.12241146,5.4332232
9.0920925,-1.9822237,8.647439
5.855707,-0.88986033,5.5310326
6.0941734,1.3653988,8.672401
7.7287745,-0.005824766,5.954302
6.344433,1.4077193,8.632409
6.9867883,-0.23048937,4.559622
7.418403,0.025909986,5.7037745
5.175528,-0.43223482,5.311711
5.8995147,1.5894307,7.9647098
6.807288,1.8959887,4.627213
9.895817,-0.42521358,7.500574
6.1621747,1.387747,8.817723
6.8244014,0.7051337,7.89697
8.101835,0.5125628,7.188252
5.897755,1.5599319,5.428219
4.7862597,-0.37456086,5.823054
8.430346,0.6875421,5.2654085
5.916972,0.972866,5.4398327
4.5360427,1.1425843,4.9044695
8.74057,-0.32474494,7.255382
4.567892,-0.2994367,5.757144
7.065436,-0.8821191,5.192507
8.328362,-0.42771432,6.4260426
6.5049715,1.8844554,4.8191442
8.145963,-0.15210438,5.5969334
8.631492,-2.0276387,8.569153
7.370933,0.41175276,6.6325126
5.923851,0.18680269,4.0433793
6.111049,1.5961066,2.1124792
4.3315926,1.9284298,4.0133743
8.185081,-0.14632876,7.0337934
7.5797772,-0.34188038,5.656228
7.2678795,0.19208604,4.309409
9.253399,0.10589458,6.614956
8.753296,-1.5919932,8.401022
8.557853,-2.447618,8.360322
4.438812,-0.48063946,6.0321665
8.194558,0.8842573,5.0280194
7.821263,0.98451364,6.8337893
12.149012,2.6359878,7.759305
6.6933975,0.9751779,6.373168
9.638991,-0.10997188,7.3847623
4.627797,1.2961278,4.439154
5.856944,1.4987007,8.09386
6.618577,1.1492214,6.024791
6.468376,2.061253,4.6392674
6.663546,1.774658,4.7125072
6.4236474,1.2837162,3.5288682
7.0589576,-0.64362097,4.304667
4.3544197,1.8643174,4.553681
7.6797194,0.65020114,4.1574206
4.8428755,2.239,4.649957
7.254401,0.18473272,6.8820286
6.8637023,1.0114466,7.572874
4.830752,0.8330697,4.5769367
5.961403,0.044445526,4.0811734
3.7994022,4.081673,5.375926
5.7493544,0.89198256,6.5290055
8.03528,-0.2820821,6.0900316
6.9813666,0.1056654,4.0526524
4.241435,3.3210928,5.123211
9.145266,0.33255902,6.1733165
7.177776,1.7132418,4.9731684
6.4205117,1.3968655,3.7754884
7.2598796,-0.27512956,4.403419
8.762294,-0.050422832,8.057518
6.905805,1.2390403,6.879448
6.6563964,-0.07722172,5.084566
6.7713876,-0.28107888,4.7294884
4.7386565,0.73438984,5.437961
8.78063,-2.1858077,7.6177006
6.333201,-0.3343515,4.4727316
5.3455367,0.7236766,3.82909
9.391095,-2.1175745,8.100563
5.110786,1.0496503,3.8946478
7.3679566,1.5487711,5.239566
6.47778,-0.8770277,5.141051
5.3664246,0.7936021,3.6052759
9.144953,-2.2154505,8.198216
6.189884,1.5855081,1.9469861
7.26482,1.354486,6.172479
4.478842,1.8399013,3.8079746
7.248644,-0.49289492,6.8698034
7.3606906,0.70127696,7.3868227
7.6857824,0.6925321,7.3317604
6.703369,-0.7537162,5.4188976
5.5710354,0.45091563,7.1094112
7.440796,1.4264266,5.071535
8.73119,-1.6690124,8.572039
2.9927237,1.4562604,3.715403
8.198811,-2.088587,7.210517
5.6807027,-0.18374248,6.3425317
7.158276,-0.2945456,4.9060636
5.6740823,1.0998821,7.9217196
3.8552792,2.7155523,2.9311366
9.226761,-2.2479854,8.042062
8.344382,-0.38355106,5.939713
6.43968,1.1679074,5.8035374
9.092664,-1.3319701,8.369907
6.5714545,1.2822785,4.0555363
8.181797,0.458961,6.286881
5.549387,0.76591635,6.548155
5.23079,1.4317124,3.8427284
5.3926554,1.8735516,3.8339703
8.546169,0.83379376,5.496781
8.652955,-1.9730377,8.48884
7.3876333,0.006448306,5.8538985
4.2320733,3.460265,5.230825
9.80418,-0.43034253,6.9368615
11.726951,2.3616397,7.8661194
7.638598,0.68296075,7.2821984
7.355187,0.63138,5.4674406
4.3917,1.9253298,3.9793642
5.999148,1.4868294,2.5204206
6.565368,1.8482776,5.0825486
7.5592966,0.99143773,5.697862
4.1918855,-0.5157281,5.2741756
5.747805,1.9342685,4.335861
5.965238,0.6977618,5.0322814
6.6846647,2.018978,4.5076413
6.070803,1.3193879,9.469014
9.23106,-1.1937916,8.397283
8.996712,-2.3342757,8.524456
6.483358,-1.297008,5.120945
5.956586,-1.3417982,5.4937973
6.357951,-1.186751,5.651659
7.0646925,0.13782264,6.858964
6.661327,1.1634077,7.508427
8.290028,-0.24418315,8.681351
6.72845,-0.6826811,5.5533724
4.172821,-0.47373852,5.24194
4.7972736,1.053016,4.09515
5.520227,0.99336624,7.540091
6.8574724,0.89842385,5.3754144
8.282501,0.23848723,7.8081875
9.348332,-2.0988855,8.390338
6.1478963,2.0409129,5.5692124
8.35072,-0.16722426,5.5558805
7.132127,0.22832122,6.763614
6.233215,1.8560842,5.733147
5.024994,2.5216393,4.2402067
5.5714555,1.4254216,4.4173813
6.102481,1.4145205,8.449177
7.0000925,0.62897384,8.093131
5.501714,0.9860971,7.502579
9.52478,-0.2054831,7.647419
7.9267297,0.8718351,5.505943
6.299028,1.4549284,8.144515
9.305497,-1.0923169,8.227245
6.0780478,1.3149872,9.449305
8.085996,-1.0921594,6.994491
6.677662,1.135106,3.9991574
6.5190177,1.0552406,7.2141967
4.488103,-0.26562795,5.708061
4.6249585,1.3094833,5.0329366
7.7116513,0.9154323,7.846949
7.9493136,0.8351823,7.7852845
9.862853,-0.63736385,6.9957614
7.288248,0.20396087,5.7354827
4.529061,2.3637247,4.7613406
8.074144,0.69566697,6.6401463
7.184631,-0.65605503,4.740018
4.5961514,-0.45049757,6.180691
4.278188,1.8458111,4.1247
3.0530555,1.4449602,3.7146463
8.046361,0.6861851,4.6027327
4.522742,-0.37781465,5.223943
7.225264,0.62781096,7.2533145
5.0855665,1.274508,3.869204
8.22101,-2.0925548,7.232352
4.9839067,0.9185256,4.5465198
6.9296546,-0.66336155,5.537832
6.7025537,1.8685459,4.7675605
8.165383,-0.30624935,6.609547
10.137064,-0.5787086,7.2358637
9.073352,-2.0650632,8.083274
8.654234,0.34250578,6.0846176
6.4587765,2.0965002,4.1375375
12.034244,2.591979,7.8709893
7.863,0.31156123,7.13433
8.027705,-1.921486,7.1728706
8.227577,-0.53900427,6.0373154
7.711632,0.6493718,4.205578
6.908269,0.7282752,8.06303
4.8463836,1.7305024,3.6892953
6.5125422,-1.0948704,4.7774916
4.1981497,2.4181335,3.264068
6.57936,0.44082233,4.456784
5.192304,1.5636613,3.23415
9.311555,-1.586088,8.294593
8.006427,-1.1615121,7.0726404
9.562383,-0.24454817,7.756653
6.713036,-0.9697133,4.592764
9.57638,-0.5064277,7.2076454
6.2390475,1.9735748,4.356576
7.582235,0.9727297,7.540334
4.657799,0.64108104,5.00291
12.148548,2.598504,7.7040915
7.458361,-0.27446967,4.442483
9.753972,-0.33850256,7.617207
6.0643806,1.3267902,9.477323
7.6929007,-1.0742121,7.144409
4.2473474,3.393501,5.2258296
6.595359,1.2062991,3.2505028
6.004922,0.036704544,3.9258153
7.249185,0.41790986,6.797073
9.81846,-0.67963135,6.9938564
8.417575,-1.9882925,8.320843
7.4182057,-0.47797617,5.518011
7.231383,-0.28098106,4.40069
4.3554254,1.6209189,4.815929
8.165655,-1.0772067,6.917922
6.3619366,0.9909543,6.8246775
8.813053,-0.3744266,8.141506
6.2936125,1.2505271,8.822029
9.125567,-1.432737,7.9286914
8.0948105,0.994822,6.043237
7.2336173,-0.2978829,4.397573
5.9098916,1.5653538,8.154833
7.174232,0.55757457,6.9477577
6.914776,1.1534398,6.9890127
8.331723,0.08530461,5.675611
4.2789664,-0.45835495,5.239212
4.386139,1.7138785,3.9167156
7.029733,-0.31234527,4.7673087
5.4638877,0.7497449,6.3037314
8.312522,0.25586686,5.4347835
7.989255,0.16678846,6.0039525
4.2161956,-0.5051838,5.277847
8.765574,-2.1359422,8.596014
4.768815,1.1131332,4.62787
4.585724,1.7062777,4.766656
6.989777,0.124129005,4.0448523
9.668707,-0.14877011,7.1478095
4.37534,-0.21887088,5.028311
12.136532,2.7324357,7.9433875
8.891806,-0.0014764145,5.7746925
6.9541984,0.15668489,4.014537
7.3237185,0.46693462,8.2384405
5.574957,0.3188721,3.6096895
9.718415,-0.16467579,7.0336933
7.650408,0.27000085,5.4666996
8.418565,-0.42879674,5.9166512
6.818947,1.255074,8.174591
9.485484,-2.2127793,8.310093
7.7134,0.6023221,4.2159257
7.890228,-1.0666834,6.866111
9.109631,-2.1039155,8.5802765
8.467262,0.67287886,5.5953546
4.9339795,2.1066728,4.732321
6.745139,0.45101735,7.237616
6.1116977,0.8993311,5.4016194
8.438757,-0.2159413,5.622854
3.0928893,1.4481776,3.7332153
4.9545493,-0.36987868,6.445824
12.091584,2.705502,7.995836
8.8628845,-1.1438711,8.483264
7.427103,0.32236847,6.402959
6.230946,1.5074209,2.2390618
5.7003574,0.94579226,4.2265196
6.422611,1.1462358,5.6840687
5.2597237,1.9735303,4.5129547
7.599725,0.12297578,6.5552025
3.0051231,1.4356672,3.6929338
4.281577,1.9139395,4.0109854
4.065662,3.7857027,5.4939528
6.45988,0.93213993,5.263793
6.1398644,1.7145517,4.101443
7.609952,-0.1636501,6.014809
8.084716,-1.1081609,6.9853463
7.2826104,1.3108088,7.287516
5.780572,0.7701561,5.419779
6.6054645,1.0086758,7.127905
7.505634,0.64187694,7.1793766
9.741668,-0.28775883,7.1412177
8.177624,0.19118255,7.812882
4.1479344,3.5160708,5.209961
8.088405,0.70986766,4.604733
6.8638134,-0.24697527,6.9837646
5.1139975,1.0585512,5.608824
8.174799,-2.0408034,7.189761
6.289765,1.2105985,7.9370193
4.2448053,1.854436,4.2961073
7.142958,-0.76539546,5.1955943
6.1589866,1.5312864,4.114608
4.8314314,1.0641049,5.645238
9.280654,-0.9676261,7.4821343
6.5053854,0.9796933,6.9754224
8.155028,0.6589074,5.9837704
6.1896977,-1.1227319,5.4968266
6.4488244,0.4284116,7.6393657
8.611606,-2.0886192,8.512779
6.352208,1.9298489,4.7647753
8.779534,-0.4564337,6.959076
6.246998,-1.3171195,5.63774
4.3004594,3.123164,5.0152693
5.2888365,0.8292091,5.6047564
10.178714,-0.5871321,7.1971374
8.475261,-0.48948374,6.072317
12.049217,2.5363762,7.6901765
4.977338,0.919709,4.124156
7.259964,-0.30051437,4.2970767
12.043726,2.5692446,7.8411303
5.1136694,2.4900653,4.367376
6.6193,1.2468725,4.0906153
4.578976,2.1726856,3.497238
5.2958603,1.4149846,5.159148
5.554199,0.3408849,3.57902
8.568703,0.43373552,5.3978467
9.519759,-0.6826596,6.7584496
9.363603,-2.1933029,7.9943194
6.222441,2.1424875,5.4565988
7.816576,0.9991136,6.5058694
9.205817,-2.2288005,8.506216
5.685594,1.72735,3.4873834
6.2585154,1.8458811,5.8517966
4.4777393,0.81981593,4.8527975
8.608744,-0.24581842,7.405187
6.58165,1.5589463,7.2598495
7.682815,-0.48767504,6.0363684
8.970773,-0.464118,6.9286327
6.0645823,0.9469976,5.3793406
10.048035,-0.4395296,7.2480206
7.408814,0.80992746,6.1206427
6.627009,1.9887263,4.23937
7.4458685,0.7960723,7.3171754
7.1359406,-0.7130514,4.683013
4.5251513,1.855177,3.7427688
12.127056,2.6198993,7.74703
5.8660707,2.0415406,4.3084984
6.5334115,2.1317685,4.1567173
9.026669,-2.2833357,8.565747
5.168935,1.9112232,4.399346
8.913735,0.27201623,6.750865
7.2201834,0.20322685,6.9933763
9.146807,-2.2995057,8.383677
4.6305637,2.1985633,4.049392
9.252872,-1.9978669,8.297308
5.230382,2.318416,3.926479
5.0109468,0.99499893,5.857158
4.485603,-0.45695794,5.389096
8.033045,1.0687151,5.3865075
6.014066,1.1884891,8.264789
5.002231,2.1537254,4.670709
7.253627,-0.302594,4.3236647
5.503426,0.8788471,5.859999
6.970751,0.34935668,3.9529114
5.5509763,1.0733898,7.2285843
6.455904,2.0113676,4.526943
8.872535,-1.9277582,8.669048
6.2648473,2.0295482,4.2134547
6.9824214,0.048053026,4.7395577
4.8367367,1.4835529,4.201567
7.556067,-0.44149908,5.5540524
6.1696925,1.5625494,2.0305295
4.377431,-0.6318349,5.8775334
5.601999,0.29813173,3.6001675
6.373795,0.88077146,7.806199
8.110727,0.6556348,5.608754
6.596691,-1.1140953,4.819904
5.972033,0.9016346,8.04793
7.196788,-0.31820437,4.410157
6.4555497,1.3500226,8.66822
8.783792,0.561982,5.7893167
5.6257157,0.95968056,6.3812823
5.8776007,1.5738641,7.9466105
5.558306,0.41380146,3.5470517
8.186076,-0.059765406,4.901459
7.5793147,0.82670575,5.503125
6.482845,1.2105359,5.925413
4.7378817,-0.5848485,5.336659
7.263414,0.57822615,6.5319324
7.6542883,0.49462822,5.89225
9.09185,-2.0610526,8.019221
4.493646,1.1781915,4.7482543
4.523314,1.4254576,4.587793
6.351919,-1.0357717,4.803051
6.0378923,-0.9706612,6.4421024
5.136478,0.9241186,4.0535717
4.3582234,3.2196226,5.086565
6.3250318,0.83196664,4.927146
6.7832565,0.8344801,5.0491405
5.340575,1.8166975,3.78798
5.591299,0.2575823,3.6610196
5.2219424,1.5284468,5.027828
6.1578307,1.5205616,2.1356876
5.5452256,1.7897909,3.6108167
9.0163965,-0.9632731,8.313754
5.9726496,-1.3760887,5.510142
7.391349,0.42624637,8.216854
4.9532514,1.0059948,4.376207
6.4629946,1.3656669,8.591102
6.595594,-1.0643072,4.766343
4.319046,-0.25075975,4.993734
4.210437,-0.30605972,5.078919
6.2280655,1.359751,7.9952703
6.8632717,-0.57545084,5.20238
5.452681,1.0209696,5.044849
4.619435,-0.5165201,6.121057
8.598787,0.103657104,8.168323
7.7853246,-0.34861144,5.643496
6.178153,1.4081748,8.720975
7.1108623,-0.25915366,4.4240913
7.7376966,0.80675197,5.9439635
8.565118,-0.35954142,8.236085
6.039552,1.5035492,8.436481
7.061697,0.30122134,4.0186906
6.846226,-0.40142336,4.9748015
8.988507,0.40880552,6.002277
7.549643,0.3161991,5.7875977
5.8567333,1.3048626,7.7547827
3.903329,3.9000163,5.324484
6.8133903,1.0897835,6.0814323
3.9042737,2.667546,2.9853666
7.271329,0.5418748,5.703285
8.579531,-2.0374954,7.1106486
8.5669,0.6005815,5.448201
3.0211637,1.4391645,3.7075496
7.183825,-0.5736692,4.5493717
8.1660385,0.14122047,5.6320114
6.739004,1.6833212,4.02736
7.4433017,0.6368158,7.2358756
4.171976,-0.41266176,5.196676
5.0607677,-0.6425691,5.688197
5.025325,1.4858879,4.081661
6.9072504,1.1183778,7.6922936
6.0685434,1.3303374,7.8612823
5.4305367,0.85705215,7.356913
7.2379737,1.0514027,7.5616236
8.49328,-1.9940972,8.375806
7.4160533,-0.8837321,7.151653
12.193944,2.7564013,7.9198995
7.985788,0.72093326,5.611463
5.8667655,1.518448,2.551713
8.835552,0.51453197,5.860584
4.016148,3.81389,5.3187027
4.2993727,3.4012935,5.2461224
8.935593,-1.0553132,8.466583
4.1984053,1.9328063,4.0928845
4.902633,0.8389732,4.745705
6.5399995,1.1440148,8.681515
5.4990163,1.3831736,4.5481224
8.3153105,-0.2484903,8.707321
3.907676,3.914665,5.3257236
5.1104684,1.9546189,4.1240373
4.9807324,1.9689307,4.3617954
7.3525996,0.40204778,6.817964
8.837325,-0.7626179,7.226003
8.996966,-0.7779514,7.7963405
6.4195414,0.81518817,6.728927
8.470187,0.8171984,5.7140408
9.110182,0.2689616,6.427878
7.5522513,0.8456739,7.3720756
5.8957267,-1.285459,5.6689835
9.392228,0.10762844,6.522384
6.2350087,1.6425297,1.8699304
9.443605,0.03060552,6.9619
6.1053123,0.01981362,3.9957817
5.7684484,0.9345818,6.538815
4.710661,1.2385498,5.3627257
6.7234387,1.7744919,5.748403
6.2222486,1.9106876,4.7118745
5.902973,-1.0605941,5.89699
6.7427907,0.737116,7.1355176
8.583622,-0.4918549,8.573321
6.5862565,-0.33903697,7.0882525
5.5025425,1.0145886,3.4667509
9.833395,-0.35849872,7.49855
3.9146228,3.9764209,5.3692827
7.8405643,1.0548841,5.1096125
5.8897295,1.2770479,7.6150084
4.9572577,0.8739665,5.543692
4.242375,-0.40784833,5.1510963
7.2439475,1.141792,7.6847115
5.862536,-1.3337656,5.4277673
6.0366387,1.3471801,9.50099
7.484062,-0.19987701,4.4411316
6.0364976,2.1397855,5.2661147
8.913997,-0.27690136,6.7686396
4.5802393,0.53997827,5.1973157
9.714574,-0.17900291,6.882776
4.7204523,1.1438528,4.112232
7.705875,1.40741,5.3569326
8.327278,-0.075998455,6.2796283
9.294323,-1.5548605,8.670082
5.731778,0.3369785,6.570506
9.313069,-2.2443035,8.169467
5.73548,2.5617433,4.9913645
8.870584,-1.3546463,8.309035
7.198664,-0.1293473,5.160364
7.257349,0.55419505,6.944786
8.759069,-2.0096471,8.640321
7.908041,-1.6653808,7.1561556
6.2028728,1.5905172,1.8625427
6.0157576,1.4209292,2.7423003
4.2619634,1.7040254,4.4065523
6.2549605,1.3635967,2.900284
7.1342235,-0.27899787,4.9540157
7.2391386,1.1330792,8.159739
5.1992393,0.8522839,4.0127664
5.9057765,0.69338715,5.1687183
6.7335854,1.3555821,7.8078413
6.5210795,1.086508,5.745374
5.8680296,0.8414085,4.368408
8.674478,-0.38702756,7.9788203
9.339234,-1.6778909,8.371295
6.204588,1.3972385,2.8922582
6.1771417,1.6251619,7.2153287
6.216949,0.53123355,7.8325324
6.0896525,1.5329796,2.241416
5.362275,-0.1705812,6.366666
8.3001375,0.042343464,5.4157014
3.5666716,1.5232655,3.968252
8.302201,-0.06134617,7.2506204
9.2661705,-2.2397547,8.446571
4.4138074,-0.2559802,5.6266966
4.3473024,1.6751285,4.3127103
6.7340016,0.40812698,4.1847343
9.265724,-0.45620963,6.528457
8.566024,-0.07344547,8.177418
4.375483,1.4784845,4.9420633
6.3334007,-0.7742225,5.136735
7.0384917,0.63819695,5.696034
5.5171576,1.1503608,7.0072093
5.296789,1.2078422,5.6077495
8.397356,-0.12008417,7.830377
8.71207,-1.420326,7.9967103
6.185333,1.8884408,4.712722
9.473099,-0.28664508,7.736419
9.280787,-0.41262814,6.5811367
5.777924,-1.1247896,5.7155447
4.020945,2.5638576,3.1036766
6.535507,1.2068594,5.5995426
9.00305,-2.1619818,8.015246
6.3357797,-1.0001868,6.4713383
7.8097444,0.23836726,6.1656528
7.2499948,0.2501094,6.457475
6.8986053,-0.890787,6.426932
7.762,0.92944604,5.7975116
7.9592752,0.5948617,5.4714346
4.394859,1.7346809,4.2451158
6.2183056,1.9564488,4.752961
4.8914843,1.0322703,5.4542933
9.327871,-1.4366615,8.410198
9.751869,-0.256935,7.505073
4.466595,1.4198264,4.6980433
4.5907116,-0.10634375,5.7910705
9.397301,-1.7094839,8.311504
4.597635,-0.514521,5.4273643
4.2096953,1.915629,4.088199
6.240286,0.976422,4.941192
4.8382044,2.1638954,4.627952
7.8552403,1.2618788,5.4850826
3.815209,4.062208,5.3714414
6.752421,-0.38244185,7.0507655
8.87714,0.15516068,6.2279873
5.7011976,1.3612348,3.1219456
5.6019125,0.31612703,3.526568
7.062941,-0.72165453,6.8020277
9.896835,-0.28745577,7.311987
4.945541,1.03128,5.552739
7.016944,0.8152578,6.026427
3.4495194,1.4687595,3.8715644
8.503542,0.82894117,5.6138115
5.207544,1.9803988,3.5255826
8.671968,-2.0506682,7.6691866
7.8731604,0.51659155,7.089033
8.687056,-2.0618095,7.7780743
7.9709578,0.01017723,5.3605285
8.685131,-0.507004,8.225006
5.440029,1.4045032,3.6965165
5.107752,0.7166059,5.7843757
5.955923,0.9008051,6.5111585
6.493175,1.3502601,6.299976
3.9281888,3.9306083,5.3778076
4.3431187,-0.5739691,5.9566765
12.043592,2.6655805,7.923443
8.782352,-0.62664586,7.1347303
8.277138,0.3320369,4.800607
4.773467,0.6114509,4.863524
6.0396614,0.877017,5.302311
8.87148,-2.0462933,7.8555484
5.364702,1.4039273,3.5512972
9.2867365,-1.5660924,7.961538
9.195595,-2.33141,8.379233
8.160145,-0.52967894,6.3839808
5.2849345,1.5865061,3.1164777
4.192342,2.0889096,4.3085904
9.110784,-0.39496458,6.3952985
9.32257,-1.4177305,8.507302
9.587035,-0.26166755,7.6349735
5.4845366,1.0302635,5.386885
8.556109,-0.33216012,5.7330537
6.7206793,-0.21521828,5.1595526
8.390536,0.9610463,5.453212
6.248298,1.6284491,6.6854234
5.0003314,2.4152236,3.9236116
3.714889,4.188815,5.404161
6.2877913,1.4074557,5.259293
6.6161585,-0.5588957,5.05536
6.5244603,2.1009693,4.1816854
9.189223,-2.0392551,8.616118
6.1751666,1.47342,2.436743
5.536519,0.4107128,3.5346823
5.8052187,1.5052688,3.4301226
6.1835365,1.6119455,1.959528
8.120147,-1.9030008,7.0810685
5.409048,1.9521731,3.60096
7.4910254,-0.42826068,5.2932754
5.1287174,2.3475306,4.5109105
6.505073,1.2700183,7.550923
5.555821,-0.52610457,6.5962873
6.1062264,0.75393355,5.134474
5.874433,-1.3472437,5.436004
7.473159,0.84560955,7.3059516
4.342825,1.8002049,4.6307526
4.8458815,1.7472701,4.440529
4.6323676,-0.48592812,6.1901526
3.848359,2.7213688,2.9244807
9.887074,-0.54978937,7.100039
6.475227,1.3642507,8.550798
7.9146404,-0.1473674,6.0105214
9.801123,-0.4507339,7.5715322
6.85623,1.1588899,7.692243
7.220999,-0.53584075,7.1324625
7.863482,0.99048823,5.164572
6.3677826,0.52998084,7.8935137
6.444368,0.7578361,7.8906198
4.0219154,2.5582182,3.10531
9.893992,-0.22836857,7.090568
12.032725,2.6407778,8.02604
8.435547,-2.0706868,7.3706827
6.1042128,1.400312,8.680952
10.161427,-0.5951851,7.2191815
10.138156,-0.5499547,7.1870914
6.7191405,1.411595,5.596481
9.184343,-1.1763976,8.419743
7.3086357,0.747122,6.791252
4.4304113,-0.47828037,6.008143
5.4532785,1.3129734,4.24653
3.871263,2.6989906,2.9488728
6.4857492,1.1448143,7.77765
4.901539,1.1627306,5.567909
8.37999,-0.3278662,8.704566
5.7515864,0.21171059,3.705131
4.7203,0.685761,4.7762017
8.849792,-0.94442785,8.535976
5.288772,2.4002817,4.1681266
8.729643,-0.41267887,7.1345305
6.056485,1.4662685,8.613363
6.162135,1.5528562,2.1581676
12.030629,2.6401997,7.938337
4.3045673,3.4165082,5.2580185
9.402515,-2.2144706,8.371449
6.4420824,1.2541692,3.0618892
5.6233535,1.9403635,4.3523436
8.488485,-0.3658096,8.015951
8.449692,-1.9092184,7.69561
5.602541,0.31008768,3.5519927
5.8522196,0.7257056,4.5600367
12.135336,2.6168385,7.7766547
5.7053733,1.576962,2.9492092
10.14381,-0.4187443,7.160469
8.230016,0.8464513,5.4233737
5.5534816,0.30850545,3.69039
6.729838,1.1622381,4.119005
4.9894986,2.7562044,4.754029
9.615281,-0.07229349,7.0761805
8.3853,0.3477974,5.3124747
5.7840233,2.506919,5.035106
6.4508634,1.9741541,4.9410095
4.7429676,2.0102794,4.972184
12.191878,2.7944734,7.9838037
6.645167,2.127509,4.422758
6.482698,0.86362326,7.0319595
8.60346,-1.8996345,8.529361
6.036994,0.24924634,7.5470834
7.055682,-0.68339986,4.8289332
6.3156457,1.2296344,8.748253
6.470811,1.5000304,6.6966763
4.214143,1.9283774,4.215872
6.82275,-0.5532898,4.253463
8.689298,-0.2713063,7.6097775
7.416789,-0.5116511,5.2701426
7.932989,0.44830412,4.810595
3.8314567,4.043834,5.3572464
7.1443977,1.1947777,7.374222
4.654598,1.2718478,5.300486
4.2828,3.4030943,5.2527
4.5860214,1.4133335,5.061801
9.000499,-1.9049708,8.257932
7.3929954,1.5548656,5.197054
6.0977597,1.5551515,2.1737988
4.3788033,1.0247765,4.6649413
6.2892146,-0.58564305,6.77546
6.223851,-0.94883806,6.417043
8.628185,-2.2188628,7.5939207
8.473881,-0.4509034,8.564875
7.7535243,0.12856604,8.31744
6.5881276,0.8478306,6.9652786
4.5632334,1.8438089,3.5901074
9.150368,-2.0502033,8.229641
6.235053,1.3784059,8.792079
5.85631,1.7510982,5.058737
4.404973,1.8572421,3.739038
7.8474894,0.946548,6.7672124
5.644451,0.28487003,3.590622
12.11398,2.6524265,7.8476257
5.87081,1.8527521,4.3721733
7.4017515,1.1057268,6.0516186
9.627116,-0.7085823,7.7073193
7.6282463,-0.20989859,5.944307
5.966209,1.4830592,8.479503
6.458239,1.205284,3.1098685
5.931825,1.3194178,2.851139
9.074948,-2.2987952,8.538053
8.95505,-0.98052263,7.9293375
7.9258833,0.4040849,5.5247793
4.2294674,3.5092523,5.2975984
8.101987,0.72909063,4.8125467
7.8519025,0.42824805,5.611427
6.440811,0.7094291,7.893106
7.400477,0.16480894,5.9665394
4.2341347,-0.3323122,5.1573176
5.717872,-0.91033643,5.6476307
6.862879,1.0621245,7.5535154
6.8140492,0.734469,5.3016996
8.641832,-0.73801714,7.7950797
6.339056,0.40647358,7.8052506
4.634945,0.6568852,5.28879
5.3375964,0.2702993,3.87839
6.967051,-0.20584932,4.5044856
6.0388017,-0.97007525,6.3752275
3.7884622,4.097976,5.381316
6.080255,1.3540167,7.928833
12.098406,2.7129924,8.026882
6.466,-1.2792928,5.1676354
3.1683364,1.4499377,3.7911286
12.046988,2.582975,7.837626
8.127137,0.07185092,5.6542435
6.1433268,2.0205154,5.6337385
6.5991583,-0.7267624,4.731526
6.4465017,1.5456506,6.9784293
5.113101,1.2711083,5.742863
7.832656,-0.20374016,5.916402
6.1868534,1.3388902,8.927572
5.2177196,2.4558005,4.3170795
6.0186434,0.94329643,5.2642736
9.356937,-1.8774841,8.324165
6.2659054,1.0290858,7.806127
4.47392,-0.54836255,6.1277575
7.319359,1.3207814,7.3491554
12.086166,2.5793648,7.7664967
7.8076434,1.0256732,5.5093837
8.198254,0.55617803,7.108702
6.1962547,0.88518864,5.234297
6.760989,1.0181409,8.71348
5.6528316,2.3238778,4.6316237
6.954779,1.7629035,5.016816
4.351716,1.7563698,4.3507404
7.645297,0.6500996,4.138088
7.0108786,-0.3414365,4.9817915
6.2984695,1.824868,4.8754215
9.137406,-1.1545511,8.449242
4.699501,1.0480849,5.0168853
8.060453,-1.9175943,7.139688
6.4433064,2.080615,4.126214
6.046514,1.0010436,4.475449
8.63168,-2.1960356,7.3450084
6.0049777,0.0057149446,4.0219717
4.1242967,3.624846,5.2602005
6.403098,1.6965156,6.8811383
4.4819236,0.7859129,4.844078
7.2690415,1.2249414,5.817438
4.4367347,0.9510364,5.009299
8.12993,0.9700433,5.362312
8.057235,0.20876299,5.56406
7.689998,0.46051547,7.0542855
6.963332,-0.6220136,4.239951
7.0431023,1.3478289,7.369042
6.4315777,1.0270785,7.3588114
7.1622396,-0.21067013,7.183477
8.3023205,-0.06739328,5.5086846
6.21089,1.328141,8.0727
11.991792,2.513963,7.82253
8.171059,-2.0725958,7.190608
9.269271,-2.1090357,8.255632
8.834506,-2.1440868,8.59014
7.768951,0.16063738,5.8863163
6.464349,1.6044027,6.5122137
8.337227,-0.74465054,6.1662803
12.106695,2.719972,8.03132
5.189372,1.1719984,4.051847
5.172016,1.8512981,3.8158326
6.36876,-0.88032603,6.1983366
7.8558726,0.7726311,7.761619
5.146702,2.3989391,3.9177797
7.370344,-0.43480876,4.812014
6.4928913,-1.0715714,4.8373585
4.87182,-0.6341303,5.0338793
6.7578573,-0.76245445,5.3506503
7.177574,0.99486345,6.797321
9.042838,-0.7600582,8.067557
7.7836266,-0.3295581,5.694283
5.8110185,-1.3002568,5.4520235
4.3253913,2.1804118,3.4859586
4.9039764,1.9951522,4.833385
4.45996,1.3731481,4.9438944
6.5146456,-1.3929491,5.2285857
9.421033,-2.1207557,8.266272
8.7576475,-0.055326376,7.9456873
8.245126,-0.1800734,5.5480866
7.2242827,0.6296688,6.81751
6.9769063,0.7629058,7.9974103
4.8766575,0.8349869,4.6833687
5.146001,1.8184123,3.5722244
6.4666424,-1.0167972,6.54509
6.6174107,2.1814373,4.4146304
9.913439,-0.33468255,7.4604115
6.7853565,-0.74932224,5.26532
7.0459223,0.68749964,7.380716
8.2542305,0.24959639,7.8425846
5.7984643,1.4993129,7.894779
5.2755227,2.5139225,4.1810956
8.649479,0.65658945,5.6214786
4.6302547,0.6672567,5.267799
5.410207,2.4314344,4.3962255
9.885791,-0.6791533,7.152713
9.152045,-0.34465414,7.9024563
7.915944,0.54570997,6.2657585
8.710597,-0.53026885,8.142738
5.460177,-1.0971473,5.2287884
8.60513,-0.15162705,5.959475
7.7446074,0.7971776,5.8598256
9.92489,-0.3365582,7.168129
4.79238,1.2720937,5.426105
6.639373,0.8702661,7.096403
6.727701,0.9110555,4.9885254
6.9199777,1.2078799,7.270023
4.479227,2.4050603,3.5442562
6.3281045,1.2425895,8.25058
6.912287,0.8099871,5.571165
9.455967,-0.074592315,6.6210113
7.803994,-0.046832945,7.044105
6.8352013,-0.28066188,4.883423
12.113888,2.731736,8.024569
6.0784917,1.3189147,9.447264
8.0449505,0.78894705,4.6007695
8.413025,0.12654105,7.4102454
9.187035,-1.2637875,8.396323
6.4507437,1.8406991,4.9831777
4.8441854,-0.3720121,5.9233727
5.311811,2.4880767,4.1992073
6.404611,1.3051155,8.742323
4.9181666,-0.5796764,6.367338
7.354769,1.0913591,8.038868
8.75913,-1.0637437,8.485229
9.080086,-0.322411,7.4410725
9.063787,-1.9405769,8.312736
6.4905396,2.0730507,4.1687245
3.7247703,4.178103,5.3992567
8.555223,0.63600546,5.864032
4.439121,1.6910081,4.3436046
8.5167675,-0.44440174,8.610596
4.6682215,-0.5194925,5.565411
7.0111566,0.33551934,5.971321
5.8240175,-1.3220394,5.482831
4.994891,0.8639661,4.0324135
6.2421756,1.3746878,7.649825
6.910021,-0.44143045,4.62326
5.700902,-1.1293406,5.6725965
5.0166874,1.0451157,5.9550943
9.231367,-1.5787654,8.398075
5.3041887,0.70603275,6.1511664
6.619699,-1.108381,4.8802996
7.665742,0.07250764,6.8345437
7.3022795,0.24775891,6.155022
7.5691695,0.63920254,4.076586
12.129606,2.6299257,7.7619596
4.295438,2.3924818,3.366926
6.9744735,1.3090031,7.1414337
9.563595,-0.26069826,7.4888678
5.2517295,2.0569656,3.718236
9.354118,-2.2843761,8.39797
7.4581203,0.3300706,6.279319
8.694251,-2.2095673,7.507535
6.1174855,1.592383,7.3508353
5.3600774,2.0213687,4.7925887
7.3364096,1.0921521,6.0630507
9.215059,-0.9937171,8.338525
8.092711,-1.0764548,6.984022
6.346622,-1.1618489,5.1276116
4.487195,0.8942061,4.943392
4.6636186,0.57046145,4.9258213
9.272507,-0.24770588,7.691575
6.069855,1.3218626,9.462845
7.1268716,1.376401,7.4244094
5.472753,-0.6964947,5.633389
8.042549,-1.9263047,7.083017
9.711063,-0.253781,7.5377784
6.8795137,-1.0876101,6.3094335
9.156869,-1.5089644,7.9636936
3.9187653,3.9315252,5.3452034
6.4042864,1.8905486,6.170592
8.138265,1.0310752,5.19568
7.116438,-0.37549597,7.081023
4.517489,1.9655969,4.186821
4.369944,2.7601588,4.853597
9.010484,-1.4409151,8.329084
9.389032,-1.5559263,7.8776565
6.689936,-0.6923592,5.447985
6.344029,-0.2738278,4.428766
9.646566,-0.1175445,7.2849
7.736118,0.89303863,6.5039625
7.806913,0.8540536,7.6975517
5.223404,-0.07651598,6.330838
9.173822,-1.6138685,8.059894
4.822831,1.6095986,4.1993327
6.9697247,-0.37995937,4.5577226
5.8792543,0.2503904,7.5071907
8.298674,0.5162735,5.017957
6.5455437,1.8817341,4.0806785
6.1368303,1.4441841,8.537041
8.685764,-2.116595,7.709914
4.9494233,0.95250964,5.59831
8.850573,-0.480898,6.9087353
7.7704115,1.2626699,5.350267
5.813616,-1.0348618,5.998241
4.3022203,1.874352,4.0142183
8.636285,-0.36974645,7.01717
4.3084726,1.5599641,4.719372
6.3294997,2.054475,5.4922724
6.4765377,1.6125772,6.1822214
8.126363,1.0065556,5.315055
9.693478,-0.5077965,7.0936728
7.7721305,0.8823412,6.6930733
4.3049912,-0.5980669,5.8257875
8.319217,0.2658905,4.8337965
7.263264,1.3638443,6.2320476
5.804147,0.1949813,3.7207012
5.5505376,1.1486944,7.042269
9.464683,-2.0658302,8.222894
5.779653,0.9178101,5.414906
8.337652,0.15556803,5.865062
2.9982474,1.4295713,3.6781876
6.0068264,0.8556768,5.1130424
5.9717774,0.31440485,7.740838
4.6087947,1.8281164,5.0549273
5.4988346,0.8058462,4.091522
5.907513,1.5872463,8.101222
5.087756,0.74613124,4.1709538
4.668278,2.1736393,3.558674
5.255187,0.94154185,4.0849457
6.976003,-0.6266392,4.248284
5.3118925,1.8333498,3.7116263
7.8183823,1.0097365,6.1192513
7.2691255,0.65453583,6.795747
6.701768,-0.79992104,5.3521433
9.422544,-0.24534495,7.7552495
6.1684523,1.2988263,8.068616
9.441749,-2.1248896,8.10931
8.342398,0.3937086,5.4699926
5.9704633,2.3223395,5.251689
9.33581,-2.1263115,8.271446
6.5114107,1.5270506,6.7573156
6.5938597,1.2618407,4.074431
5.919511,-1.3243327,5.400553
7.454192,0.65561926,4.0313845
6.283998,1.111926,5.173501
9.073749,0.37096065,5.9971447
8.154786,-0.39317235,6.2416234
5.851361,2.49911,5.0279303
6.689647,1.3395956,8.297919
6.8348613,0.6944099,7.6997952
6.6295815,1.2740712,7.9819527
7.273745,-0.417422,4.3551936
6.1086802,1.0736878,4.1958327
8.156919,0.61546445,5.0533595
6.7379622,0.82671845,6.8514595
6.726064,-0.3592337,7.035497
4.356951,0.98569006,4.7688284
6.6327395,1.3401024,8.240147
6.704828,-0.47953063,5.4193835
8.653159,-2.164677,8.399061
7.4698653,-0.9188924,7.1201425
8.89119,-0.30629587,7.345221
6.584322,2.1294992,4.6672473
6.2990713,1.8509711,4.832484
7.8317623,0.89445573,6.402619
6.177446,1.4096684,7.945978
6.6667666,1.1206472,4.2303367
6.0884485,-0.9183996,6.465706
7.2995033,-0.30818617,4.3743668
7.5063825,-0.42542538,5.5224648
7.1915293,1.461793,5.343502
6.6141624,1.1114876,8.730101
4.601029,1.386274,5.2246656
9.071108,-2.3657246,8.513117
8.481821,-0.3291623,5.7227793
8.405017,0.7719763,5.5146165
6.2770815,1.6446086,6.0928154
4.9229136,0.9264539,4.1347313
7.053429,1.1931764,8.200569
9.196521,-0.297322,7.953725
6.2331343,1.6292349,1.8669037
5.9138527,1.4901959,8.555853
6.7700505,1.4425142,7.7988615
6.2291574,1.1095327,5.644016
4.4932175,2.3155868,3.4875588
4.9240923,-0.7257582,5.4522943
6.9871497,0.78917575,7.9253497
9.455131,-1.8438745,8.208886
9.093211,-2.0578554,8.4553995
6.3520155,0.9227019,5.3709054
6.4325795,2.0316436,4.9986677
7.468474,0.31984442,6.632075
7.5136747,0.57537264,6.5325212
7.774913,-0.41537565,5.7670326
6.388052,1.2345315,7.680775
8.332872,0.80480355,5.2746425
9.083788,-1.5364335,7.814211
4.8675895,1.8827915,3.700415
8.745067,-0.77363026,7.985675
4.6557555,1.1232332,5.33142
6.085697,1.5139157,2.1825035
7.473571,1.4447141,5.415406
5.0787625,1.8254557,4.1312118
9.15945,-2.1681201,8.5856905
7.2672687,1.4625397,5.430608
5.0220656,2.8467627,4.8856797
9.056167,0.14594106,6.689804
7.850224,0.7071032,5.5048943
6.6195645,-0.9377451,4.920694
6.783347,-0.7040642,5.0880823
4.586908,-0.4831772,5.129691
7.8714237,0.76759666,5.8941283
8.516693,-2.430039,8.404483
6.647895,2.0993338,4.515683
5.757971,1.3997958,2.8201168
8.747187,-0.46511367,7.0797763
6.967145,0.747536,7.6594176
5.9879603,-1.3753698,5.480692
7.0534964,0.1262922,6.9985294
5.2778673,1.8550278,3.5396478
7.18325,-0.36113256,4.361624
8.8713,-1.8653115,8.616882
7.136422,0.7373557,4.9543796
6.451538,1.7184856,4.4287567
9.862129,-0.35672808,7.53783
4.381237,-0.63525546,5.731353
6.621234,1.1525694,7.466909
8.192314,-0.11702075,7.839319
6.1245117,1.6033348,2.0932653
6.524304,2.1130474,4.1758533
7.950947,-1.8325654,7.067119
5.8802466,-1.326009,5.399564
7.2474103,0.1118454,6.895038
8.128252,-0.040211488,4.868715
4.738938,1.3363163,5.3321223
6.379773,0.94607806,6.8225036
7.66724,0.8957578,5.820847
6.014914,1.0304723,6.332677
8.741103,-2.1095679,8.553622
6.143349,2.1622272,5.23058
8.628947,0.576155,5.8414454
7.1302686,-0.8169611,6.8301725
12.052316,2.5443108,7.797319
6.001764,0.39534536,7.60418
6.5926223,-0.80410707,5.1092386
6.5664835,1.8662559,4.8869143
5.7527103,2.545693,5.016273
6.1305947,-1.0078248,6.457877
10.084082,-0.3533168,7.1411576
8.295553,0.9673557,5.473584
4.4328737,-0.066957615,5.4298987
4.348073,-0.56673306,5.936427
6.2047987,-0.2138995,4.208883
7.438548,0.47297102,4.786111
5.7038264,1.5827591,2.647966
6.902686,1.2459197,7.926379
7.051517,-0.6452732,5.922302
8.240234,0.8767657,5.4726005
6.2151246,0.9157825,5.1906285
8.055619,-0.35659876,5.8996773
8.665234,-0.9175578,8.035867
4.8264685,1.0699778,5.2599835
5.7321563,1.463629,4.4599333
3.7456303,4.1542153,5.3904786
9.546806,-0.6929757,6.7566833
4.8471546,2.195281,4.6954427
6.039805,-0.004033922,3.9956772
7.844615,-0.15578656,5.906565
5.946147,-0.027108379,7.378767
6.243865,-1.0578903,4.7895517
8.721156,-2.073937,8.375072
5.826733,-1.0738412,6.017018
4.2342157,3.473432,5.2581544
4.366098,-0.42226592,5.8836813
7.26107,0.031564724,6.9344664
6.2722816,1.9274473,4.9710374
5.4022813,1.7938824,3.450216
6.0153613,1.4331435,2.8220046
7.642179,-0.591072,5.4571977
4.244325,1.8454027,4.178231
7.224406,-0.82845116,5.4728804
8.690376,0.3626009,6.083433
9.461352,-0.2418648,7.7347007
9.323771,-0.4731446,6.534113
5.4852304,1.2220939,5.6442757
9.494973,-0.026422037,6.5673122
9.928622,-0.34409115,7.506169
9.368753,-1.7709471,8.269793
6.651823,2.039663,4.355472
9.02116,-1.0403877,8.541917
6.310217,2.0320265,5.424901
7.368031,0.7875882,7.200136
4.311251,-0.29982638,5.24028
5.656361,-0.2116866,6.9909563
6.7971954,1.3125352,6.2013497
8.876798,-0.22827852,7.102907
7.5282397,-0.13205181,6.0636396
6.4482718,1.9141836,5.0721383
6.548588,1.3636695,8.526665
7.775483,0.4962638,7.0732813
4.7884154,1.1670537,5.0331545
8.59165,-0.6358492,8.669492
7.650773,1.055672,5.2021484
4.378712,-0.37412277,5.206452
5.5530953,0.3181689,3.5878305
4.7450376,0.6708694,4.990459
12.111697,2.5959253,7.779811
3.8567781,2.7131839,2.9334116
8.843272,-1.7661546,8.623776
4.4214463,1.2786417,5.2318544
8.636898,0.05424532,8.050455
8.440116,-2.3136609,8.393201
6.598503,-0.4665143,4.269061
9.317211,-1.4570792,8.524727
5.9346857,0.9502642,6.5713415
8.152154,0.74326605,4.7680774
7.5294394,1.2021613,7.341232
6.558763,0.7807236,7.880956
5.093777,-0.17629427,6.633955
6.654889,1.2108849,4.156987
5.752777,0.88824725,6.5444274
8.565724,-0.03403205,8.308299
8.398582,-0.32349846,5.678701
7.3099904,0.12467166,7.151099
6.9007444,-0.46468785,7.1336493
4.732543,1.4159478,4.066281
6.1459227,1.9338112,5.708896
5.305389,2.4015558,4.229806
6.6660886,-1.000362,4.9535904
6.4862785,1.2825967,6.272621
4.885912,0.9242892,4.4998665
5.3731046,1.836102,4.2435985
9.175977,-0.44381058,6.529816
5.253556,1.908407,4.077118
4.840541,-0.49707088,5.3509026
4.856414,-0.6208686,5.6450987
6.3345556,1.6601075,6.21038
5.9522457,1.4776484,8.258587
7.186506,-0.2892337,4.3179207
6.4863353,-1.0356393,5.183389
6.4065504,-1.0189112,6.546691
7.730897,1.346429,5.284341
5.9139266,1.3911186,6.4230633
6.209642,1.1470819,7.6019917
7.5363827,0.2821874,8.287148
9.88118,-0.6604938,7.05538
8.874131,-0.86011714,8.3455
4.4109173,-0.07744757,5.568539
5.466317,1.0961901,6.931732
9.370579,-2.2982113,8.262568
6.6833324,-0.6948432,5.7368813
9.580053,-0.019659597,6.994813
4.361684,-0.41397247,5.374453
7.16625,0.3218632,7.0399714
5.931005,0.67236334,4.7377844
9.440809,-2.2134955,8.078943
6.580158,0.88259035,7.2340813
6.5738883,-1.3633219,5.207962
6.794096,-0.7781813,6.745681
12.134266,2.6185517,7.7926016
7.5174766,-0.46496296,4.6132817
9.037652,-2.2858639,8.6007395
5.8010683,0.566369,4.8433332
7.0903654,-0.5241052,6.8981686
5.9232507,1.2950907,7.8873096
9.357399,-1.6799088,8.380749
6.6533084,-0.7608364,6.2333293
12.127307,2.6569376,7.8615236
7.288121,-0.30968538,4.3761153
9.225165,-1.4535425,8.342157
10.068409,-0.46721354,7.221285
7.903372,-0.24147226,5.655062
6.9371285,1.373958,7.089038
5.0468554,0.9963924,6.041896
4.6416783,1.5253038,4.7915335
7.080843,0.69716316,7.3762155
9.137988,-0.9658048,8.344877
5.160942,2.13841,4.1018476
6.0843945,0.96210855,6.676402
6.11022,0.9901933,8.099564
7.067615,0.33994552,6.0225296
4.2261643,-0.2840881,5.0863576
6.519885,0.0484913,4.895845
5.545572,0.32499623,3.5915096
9.049276,0.35466662,5.946828
7.264879,-0.46971622,4.984745
8.516156,-0.6083639,7.777764
4.302365,3.4822922,5.294096
8.593529,-2.4259987,8.339855
8.130983,0.7267869,4.7302766
4.2925396,1.8625258,4.8502274
5.178361,2.4841597,4.1383696
4.6768575,0.67335045,4.955686
4.4071145,1.7745291,4.19124
7.114698,1.5635712,5.4628315
4.514435,1.4306036,4.5207996
6.432516,1.6673654,6.1593513
7.899408,-1.7606808,6.9510107
5.938645,1.5522002,2.377224
4.692778,1.9608833,5.0265727
6.0012445,1.3829522,8.632313
7.140938,1.1811543,6.0130963
9.323704,-0.25916713,7.8110747
6.4423695,-1.0237164,4.896583
12.028238,2.6260583,7.9170203
5.8110623,0.16955116,3.7643733
8.456083,-0.40856054,8.632606
4.442998,0.81810457,4.899766
6.217558,1.5095822,2.8805141
8.708887,-0.023297198,8.006514
3.0823672,1.4667226,3.6988232
6.4968057,2.007172,4.8899307
4.9801726,0.94707376,5.6176805
7.5956597,-0.24810304,4.7104278
8.122421,0.881274,4.9848795
5.011966,1.7500454,3.7612429
5.6214223,1.0776312,5.184709
6.6134634,-0.9208218,4.9017377
4.439146,2.194096,3.5832474
8.726889,0.34634644,6.998648
9.06828,-2.0763018,8.0613
9.097148,-1.3035953,8.395303
7.82501,-1.1330326,7.2484603
4.11948,-0.45427215,5.214034
8.747714,-2.2711709,7.419975
5.4369955,1.0151184,3.523559
9.213648,-0.47343582,6.514888
8.827033,-1.931654,8.633722
5.173128,0.8859458,6.1913347
4.8297014,1.29743,4.112432
8.404363,-0.59615827,6.083558
4.5222116,0.08954785,4.8709235
6.829448,1.0794557,8.614435
6.2262444,2.185006,5.331334
8.722051,-2.0506425,8.67546
9.199293,-0.41083527,6.382416
6.5518193,-0.49684396,6.870164
9.042839,-0.25557995,8.0483265
6.6248536,1.2230268,4.122565
6.4685483,0.9354218,5.1339045
7.439781,-1.0076387,7.063757
7.749808,-0.3808612,5.852773
3.7268736,4.176259,5.399778
6.15481,0.98699176,4.735383
5.111323,1.2564062,4.029533
7.16358,-0.31206134,6.9975514
5.876409,0.9602001,5.2380705
4.2206116,-0.6168372,5.569114
6.3090158,0.97536635,5.2713027
5.7452984,1.5122553,5.4569926
9.871614,-0.67281896,7.0668635
7.087215,1.4155935,7.3551407
8.773109,-1.9091102,8.628239
4.252206,-0.08368936,5.133885
4.202348,-0.6328512,5.6049514
6.0997844,1.6468116,7.403606
4.462283,1.0117322,5.0015974
7.713595,-0.37092525,5.7699013
6.284871,1.3098247,8.76783
4.228767,3.0285919,4.966793
6.218097,1.6317164,1.9111518
6.03068,0.344937,7.7936144
9.966931,-0.44184062,7.2965536
7.723684,0.52235615,6.5296535
9.463711,-0.06367994,7.111471
6.769958,1.8419285,5.0152884
9.88066,-0.43353108,7.3106794
6.3563085,1.321806,2.9369423
6.7503867,1.4944885,7.437504
9.458149,-2.2855153,8.0637455
6.3743105,2.0380657,4.1059747
4.9823146,0.7238396,5.486343
7.3553333,0.5240843,7.0269814
5.762276,0.9844307,6.591348
8.667653,-1.9026695,8.392938
6.030739,2.2538385,5.3658633
6.3387284,1.5153083,7.4652896
7.183658,-0.33763096,4.3582993
8.827532,-1.2994255,8.427669
8.588021,-0.26514742,6.867957
8.290277,-0.23566069,8.731227
6.981808,0.14319469,3.9693763
6.530618,1.0082494,5.204129
7.4290237,0.58245355,6.9847736
5.8711205,2.3712494,5.174724
4.860125,0.8806937,4.582929
8.442053,-0.14144808,7.64427
6.31567,1.4364161,7.208192
8.074503,1.061754,5.342734
4.2059875,3.2871313,5.134103
4.725102,-0.32764837,5.9544888
8.629941,-0.424063,8.41312
7.039325,0.73910666,5.4624467
4.80408,1.2761407,5.133605
9.826055,-0.33408624,7.551514
5.9078646,1.5455884,2.4491832
6.122668,1.7172891,5.0370917
6.6255794,-1.2177857,5.07472
5.582058,0.9372937,6.3048897
6.2069836,1.414246,3.1451645
5.368135,2.0241315,3.5600634
6.469551,-1.014019,5.423568
4.736234,1.2297419,5.380758
5.815573,1.2106193,8.2685995
9.263734,-1.6286167,8.167567
7.6002874,0.6732705,7.271149
4.157631,-0.4133401,5.1692357
5.1617575,2.4328847,4.507208
8.0367775,-0.53795266,6.170654
8.3679905,-0.2520983,7.551832
8.70375,-0.54250777,8.194779
6.8971415,-0.78577757,5.37199
4.418989,1.9397327,3.6532497
4.161859,-0.44665778,5.2008686
7.457486,0.7306744,7.3519683
6.7424407,1.6398286,6.247329
5.928698,0.16589831,7.6212554
4.2687697,3.385695,5.2206926
8.526873,0.5169742,5.4792776
7.052745,-0.4813097,7.13368
7.078451,1.8061725,4.8060503
5.455752,1.8171077,4.455558
8.119583,-2.0098636,7.1458507
6.012539,0.2766907,7.7130795
6.9695535,0.19695395,3.9578135
7.1106896,1.7890059,4.8562245
5.877688,1.5950608,5.366405
5.3067226,2.4671278,4.150349
5.4284596,1.7659436,4.318137
6.9549723,1.354884,7.2740083
9.157851,-1.3080219,8.471644
6.8797846,0.9319359,5.106535
6.999693,-0.6228746,4.2466235
5.215146,1.6850427,4.3322077
6.2762065,-0.28938156,4.2221904
6.835438,-0.79169893,4.8572755
8.123232,0.48983765,5.5604696
4.1160765,-0.5356835,5.301388
8.037035,-1.9216677,7.097225
7.8102417,1.0176686,6.8187656
5.2230787,2.1925504,4.079848
4.560304,-0.45298487,6.1801124
6.215997,1.0596945,4.955869
9.227934,-0.037195034,6.9290175
7.6047497,0.9619025,7.0156856
6.389908,1.319581,2.9796846
7.0176277,1.3792317,5.4006176
5.621744,0.9042468,5.5252175
9.51677,-0.6880497,6.698221
8.506185,-2.4704103,8.373221
7.6537414,-0.29923123,5.908867
6.7110686,-0.67298585,5.6617746
7.255245,-0.6924492,5.151487
8.655068,-1.3849277,8.5057335
5.9236197,0.83343303,4.5529213
4.63844,1.197989,5.016192
6.1149364,0.81606126,5.1525946
4.9135494,2.1148293,3.4386294
5.2437296,2.0526674,3.7790823
6.858648,1.2048634,7.8774962
6.726264,1.3346254,7.7139864
5.831868,1.1840842,7.5035295
9.3220625,-1.3991624,8.54885
7.831115,1.0823219,5.5045915
7.811017,-0.57713825,7.8306584
7.272183,-0.34408224,4.2882814
4.8497443,1.1895679,5.4791503
7.3699555,0.83951753,6.4930873
5.9848013,0.7451429,5.2000856
5.9421973,1.572087,8.279766
6.3593464,-1.0385072,4.7901387
6.209464,1.6144391,1.8877597
8.161363,-0.27061275,8.206475
6.1317143,-1.2560041,5.4118156
6.831694,-1.0457429,5.108674
4.3454123,-0.3607162,5.1283894
5.949,-1.3569003,5.4908533
9.311448,-1.5757025,8.343391
8.118579,-2.0244606,7.1632323
4.376236,-0.5972622,5.737206
6.9936047,1.6694627,4.325408
6.281606,1.2541418,7.239777
8.739079,-0.290019,6.342719
6.371756,1.1891565,5.751782
6.85914,1.2901412,8.059319
4.2622366,3.0408468,4.9799676
6.1730065,1.5770446,1.9516268
3.2453377,1.4497119,3.8025382
6.118218,1.5294638,2.2486324
6.142588,1.5736041,2.1048434
8.502084,0.7677549,5.60142
6.931211,1.0318121,6.3113837
5.6755395,0.5757353,6.2013555
11.68802,2.3237324,7.8433557
7.9019375,0.76079607,5.7835684
5.2592144,1.9422299,3.7553594
6.4042296,-0.9741069,6.4406185
8.308809,-0.32964212,6.2941384
9.678856,-0.4733009,7.461391
6.228605,1.6314694,1.8567923
6.035723,0.45054442,7.8173146
4.6610126,1.2088145,5.0766034
8.655087,0.33672294,6.121877
8.464867,-0.34969935,8.190028
8.820442,0.57610106,5.7308645
6.4364305,1.197691,7.890036
3.7665975,4.127034,5.382248
7.952346,-0.1232371,5.821937
6.7453485,-0.75273365,5.4458914
7.4910603,0.7372045,4.0359287
8.786089,-2.1234498,8.406749
5.2196603,0.94018847,4.092037
5.077211,1.1607908,4.1966043
4.920509,1.54165,4.694794
6.295877,1.0834098,4.214329
6.784673,1.311515,7.999383
6.067464,1.5325487,7.8955216
8.453094,0.5810671,5.251959
4.036126,2.5489893,3.1309118
7.727705,0.36454254,5.7413254
6.207598,0.48614618,7.6819587
9.944375,-0.46232244,7.4125824
4.8612485,0.5892164,5.174379
6.3141446,1.3852252,8.758249
4.9364576,0.9432693,5.5338435
6.4501,1.4041419,5.945884
5.5916653,1.23365,7.173322
6.083614,0.23541005,7.6612377
6.657515,1.1021904,6.9334393
7.0716987,0.16825694,7.020874
3.8337119,2.7377124,2.9093268
7.261083,0.26730135,5.745687
6.2116437,1.2326238,7.8011994
5.602103,1.9328109,4.4108405
4.7758284,2.0516615,3.4809904
8.612055,-2.1687443,8.533594
6.8371496,1.92601,4.505665
4.2275643,-0.39573315,5.1719074
6.8941574,-0.30384827,4.8011527
5.462345,0.43140036,3.6136327
9.888505,-0.5197801,7.3818555
6.4993143,0.9219647,5.787455
6.390088,-0.9811951,6.4579144
9.38125,-0.6726149,6.451245
5.7807083,-1.2163022,5.678098
5.541819,0.43048027,5.816725
4.282821,1.821041,4.2020164
6.40061,1.1763124,7.9391947
4.9671407,1.6782182,4.0502977
9.5429,-0.7001795,6.8085012
5.1639724,1.8626362,4.4049
5.978729,1.5626904,8.249721
6.0688014,-1.1175474,5.338728
3.7631772,4.1372757,5.3581266
8.071133,-1.9604884,7.121841
6.019792,1.5452396,8.41445
6.9371705,0.7079309,8.099776
5.830839,1.5377377,2.5613976
7.5795717,0.637592,7.274581
6.5228963,1.1819295,7.4884768
6.185786,1.4838703,2.4214926
5.9432697,1.5142847,8.364047
7.566349,1.1249778,6.0698147
6.3732095,-1.3399913,5.2745175
8.694889,-0.54836565,8.223829
3.9271138,2.6518393,3.0055246
6.405272,0.012047476,4.876527
8.868128,-1.252292,7.7726207
4.727484,1.2630576,5.422938
4.696094,1.3755525,5.3685684
7.419812,0.0680977,6.1579638
8.851175,-0.91172665,7.8847823
7.03431,-0.11603846,7.1799083
6.005334,2.3223448,5.28377
5.5632973,0.46328628,5.8672132
4.8818,1.395771,4.151879
9.011576,-2.1013632,7.9214964
9.712566,-0.28448695,7.516033
5.2009997,0.88517255,3.7963042
7.5502553,0.6886068,7.240673
5.588024,0.3182869,3.550932
6.535091,0.023164852,4.892707
8.59262,-0.5173231,8.349002
8.676182,-2.2022982,7.407464
4.839122,1.1059164,5.4984946
4.7192054,-0.44175583,6.2776375
5.1714845,-0.13840587,6.281738
5.426252,0.91838944,5.91812
5.059393,0.94013155,4.7365413
4.990609,1.0143341,5.9196334
6.452345,1.9691498,4.814449
6.330087,1.6649563,6.134374
9.290877,0.107558094,6.850564
8.112456,-0.58368593,6.330185
7.5848336,0.003601452,6.2693944
6.721897,1.1833769,4.1116757
5.4379444,1.2618079,3.309428
6.2300844,1.3270386,8.854728
4.653058,1.2424161,5.412039
8.2973995,-0.06570194,5.4989276
5.466368,1.1634648,4.9758883
5.335182,2.0271354,3.9606526
7.0473375,-0.13333516,7.1969953
6.5526133,2.1059134,4.2037115
4.74156,1.0969218,5.5264044
5.1561213,2.3386316,3.8847823
6.091461,0.93680173,4.8008
9.268019,-0.4517087,6.6205606
4.472119,1.9307067,3.9645097
8.309446,-0.030231828,5.4641
6.625054,0.6221,7.749209
7.8784657,-1.8117903,7.0248623
6.161901,1.5078425,2.1097085
9.113323,0.3988257,6.026634
11.673885,2.3153172,7.8560314
4.066659,3.6567576,5.2444034
4.845472,0.9173252,4.1661816
4.428175,-0.48851886,5.2260423
7.2558208,-0.44389984,7.1514835
7.4954977,0.59490615,6.708904
8.137027,-0.3486222,5.51203
6.1410904,0.9529129,4.2527213
5.0773063,1.0944073,5.266915
4.60564,1.3816606,5.03497
6.165205,1.2009593,4.65207
9.077727,0.35236973,6.10079
10.115094,-0.5229635,7.180793
4.4157104,1.9751747,4.0589924
7.8326893,-0.529484,5.3697605
7.9882145,0.5032782,4.765039
6.282131,1.3851357,2.8334513
6.1362762,1.3582124,7.950667
9.36641,-1.9944082,8.4055805
7.0438824,0.7184687,7.4963813
8.901586,0.3883085,6.56555
6.4730678,1.1353854,5.70064
5.784202,1.5976673,2.5000484
9.357027,-1.0312911,7.9884567
5.698036,-1.279925,5.332584
6.4218044,-0.52094907,4.538728
6.921024,-0.712319,4.3462305
7.6706676,-0.07180304,4.546594
8.302595,1.1213496,5.4787445
6.427666,1.9696852,4.1723366
9.643493,-0.10828871,7.08821
5.814513,-1.3636416,5.4766774
4.6633673,1.1923392,5.0075216
5.2162304,2.0880697,3.7355094
4.873537,-0.5330937,5.6869016
4.482156,0.040920902,5.423083
7.367622,1.4630564,5.8648753
4.623166,-0.10600778,5.753206
5.7480545,-1.3082645,5.361757
9.275001,-1.2189018,8.334229
9.425015,-1.7587687,8.321754
6.6946597,1.5126146,6.137386
7.2134767,1.40994,5.4047685
9.2897005,-2.020594,8.485759
5.7484684,0.9420827,6.541565
12.033835,2.6950943,8.085127
6.0776854,0.032073162,3.8766713
7.345563,-0.57123667,5.778613
9.098881,-1.0959166,8.449325
5.440178,0.8453026,3.515897
8.798085,-1.6713688,8.680648
9.851392,-0.37389547,7.532422
3.8017695,4.079153,5.3948054
6.601349,1.1993364,6.1782165
12.177659,2.758921,7.957928
4.447846,1.6758059,4.8647733
5.444831,1.0321147,6.797199
6.950059,-0.36700827,4.8537583
6.9270864,0.19052081,7.0141754
5.8716836,1.4425246,8.160762
7.047502,-0.66516316,4.2409983
7.6036167,-1.1053257,7.2300777
6.946938,1.0452654,7.047993
7.7040524,-0.6852693,5.4619694
5.4884634,1.0362076,5.270418
7.286236,1.0253572,6.158281
7.2456956,0.69246876,7.3776355
8.730607,-0.8135122,7.935642
6.672367,-0.69896114,5.4220405
7.248891,-0.14826365,5.761745
3.5674007,1.538295,3.843518
8.0782995,0.055701055,5.766313
8.262059,1.1699464,5.5002785
6.7323785,0.16385832,4.987625
7.9530516,-0.45617262,5.3194537
5.085679,-0.20222111,6.6013803
6.510501,1.2496654,6.897145
8.16721,0.5973807,4.9969745
7.1875525,0.6932585,6.217976
6.9266124,-0.30841705,4.5595303
6.9707108,-0.73204786,4.633434
8.703211,-2.206456,7.505778
8.300528,0.77500385,5.1238685
6.5537496,-0.51270694,6.9116063
7.0023637,0.66529214,5.749691
5.181731,0.93983024,6.142642
3.121214,1.4492497,3.753864
7.3932896,0.420151,6.793267
8.083687,-0.24724427,5.8729897
